0,-1
23,-1
46,-1
69,-1
92,-1
115,-1
138,-1
161,-1
184,-1
207,-1
230,-1
253,-1
276,-1
299,-1
322,-1
345,-1
368,-1
391,-1
414,-1
437,-1
460,-1
483,-1
506,-1
529,-1
552,-1
575,-1
598,-1
621,-1
644,-1
667,-1
690,-1
713,-1
736,-1
759,-1
782,-1
805,-1
828,-1
851,-1
874,-1
897,-1
920,-1
943,-1
966,-1
989,-1
1012,-1
1035,-1
1058,-1
1081,-1
1104,-1
1127,-1
1150,-1
1173,-1
1196,-1
1219,-1
1242,-1
1265,-1
1288,-1
1311,-1
1334,-1
1357,-1
1380,-1
1403,-1
1426,-1
1449,-1
1472,-1
1495,-1
1518,-1
1541,-1
1564,-1
1587,-1
1610,-1
1633,-1
1656,-1
1679,-1
1701,-1
1724,-1
1747,-1
1770,-1
1793,-1
1816,-1
1839,-1
1862,-1
1885,-1
1908,-1
1931,-1
1954,-1
1977,-1
2000,-1
2023,-1
2046,-1
2069,-1
2092,-1
2115,-1
2138,-1
2161,-1
2184,-1
2207,-1
2230,-1
2253,-1
2276,-1
2299,-1
2322,-1
2345,-1
2368,-1
2391,-1
2414,-1
2437,-1
2460,-1
2483,-1
2506,-1
2529,-1
2552,-1
2575,-1
2598,-1
2621,-1
2644,-1
2667,-1
2690,-1
2713,-1
2736,-1
2759,-1
2782,-1
2805,-1
2828,-1
2851,-1
2874,-1
2897,-1
2920,-1
2943,-1
2966,-1
2989,-1
3012,-1
3035,-1
3058,-1
3081,-1
3104,-1
3127,-1
3150,-1
3173,-1
3196,-1
3219,-1
3242,-1
3265,-1
3288,-1
3311,-1
3334,-1
3357,-1
3380,-1
3403,-1
3426,-1
3449,-1
3472,-1
3495,-1
3518,-1
3541,-1
3564,-1
3587,-1
3610,-1
3633,-1
3656,-1
3679,-1
3702,-1
3725,-1
3748,-1
3771,-1
3794,-1
3817,-1
3840,-1
3863,-1
3886,-1
3909,-1
3932,-1
3955,-1
3978,-1
4001,-1
4024,-1
4047,-1
4070,-1
4093,-1
4116,-1
4139,-1
4162,-1
4185,-1
4208,-1
4231,-1
4254,-1
4277,-1
4300,-1
4323,-1
4346,-1
4369,-1
4392,-1
4415,-1
4438,-1
4461,54
4484,57
4507,57
4530,56
4553,56
4576,57
4599,58
4622,57
4645,-1
4668,-1
4691,-1
4714,68
4737,59
4760,59
4783,59
4806,59
4829,59
4852,59
4875,59
4898,59
4921,59
4944,59
4967,59
4990,59
5013,59
5036,59
5059,59
5081,59
5104,59
5127,59
5150,59
5173,59
5196,59
5219,59
5242,59
5265,59
5288,58
5311,80
5334,80
5357,59
5380,60
5403,62
5426,77
5449,79
5472,46
5495,59
5518,59
5541,59
5564,58
5587,58
5610,59
5633,59
5656,59
5679,59
5702,59
5725,59
5748,59
5771,58
5794,57
5817,57
5840,57
5863,57
5886,57
5909,57
5932,57
5955,57
5978,58
6001,59
6024,59
6047,59
6070,58
6093,59
6116,59
6139,59
6162,59
6185,57
6208,-1
6231,-1
6254,52
6277,71
6300,73
6323,80
6346,69
6369,-1
6392,-1
6415,-1
6438,-1
6461,-1
6484,76
6507,56
6530,56
6553,56
6576,56
6599,57
6622,59
6645,59
6668,59
6691,59
6714,59
6737,59
6760,59
6783,59
6806,59
6829,58
6852,57
6875,58
6898,61
6921,66
6944,-1
6967,-1
6990,59
7013,59
7036,59
7059,58
7082,58
7105,58
7128,59
7151,59
7174,59
7197,59
7220,59
7243,59
7266,59
7289,59
7312,59
7335,59
7358,59
7381,59
7404,59
7427,59
7450,59
7473,59
7496,59
7519,59
7542,59
7565,59
7588,59
7611,59
7634,59
7657,59
7680,59
7703,59
7726,56
7749,56
7772,57
7795,57
7818,-1
7841,-1
7864,-1
7887,-1
7910,-1
7933,81
7956,56
7979,46
8002,59
8025,60
8048,59
8071,58
8094,58
8117,59
8140,60
8163,60
8186,59
8209,58
8232,-1
8255,80
8278,81
8301,82
8324,81
8347,81
8370,83
8393,82
8416,-1
8439,83
8461,82
8484,83
8507,82
8530,82
8553,82
8576,80
8599,57
8622,58
8645,59
8668,59
8691,59
8714,59
8737,59
8760,59
8783,58
8806,-1
8829,-1
8852,82
8875,-1
8898,-1
8921,-1
8944,77
8967,59
8990,59
9013,59
9036,59
9059,59
9082,60
9105,59
9128,59
9151,59
9174,59
9197,59
9220,59
9243,59
9266,59
9289,59
9312,59
9335,59
9358,59
9381,59
9404,59
9427,59
9450,59
9473,59
9496,59
9519,59
9542,59
9565,59
9588,59
9611,59
9634,59
9657,59
9680,58
9703,41
9726,59
9749,57
9772,57
9795,56
9818,69
9841,83
9864,-1
9887,-1
9910,61
9933,58
9956,48
9979,57
10002,57
10025,57
10048,57
10071,57
10094,57
10117,58
10140,57
10163,56
10186,57
10209,57
10232,-1
10255,-1
10278,-1
10301,55
10324,80
10347,80
10370,80
10393,80
10416,-1
10439,-1
10462,-1
10485,72
10508,57
10531,55
10554,57
10577,57
10600,57
10623,57
10646,57
10669,57
10692,57
10715,57
10738,57
10761,57
10784,57
10807,57
10830,57
10853,57
10876,57
10899,57
10922,57
10945,57
10968,56
10991,55
11014,55
11037,55
11060,55
11083,55
11106,54
11129,53
11152,71
11175,-1
11198,-1
11221,76
11244,58
11267,54
11290,55
11313,55
11336,55
11359,55
11382,55
11405,55
11428,55
11451,55
11474,55
11497,55
11520,55
11543,55
11566,55
11589,55
11612,56
11635,57
11658,58
11681,59
11704,58
11727,58
11750,60
11773,61
11796,62
11819,62
11841,62
11864,62
11887,62
11910,62
11933,62
11956,62
11979,62
12002,61
12025,60
12048,59
12071,59
12094,59
12117,59
12140,59
12163,59
12186,59
12209,59
12232,59
12255,59
12278,58
12301,-1
12324,55
12347,61
12370,79
12393,60
12416,82
12439,67
12462,-1
12485,67
12508,82
12531,57
12554,-1
12577,74
12600,42
12623,53
12646,78
12669,80
12692,82
12715,78
12738,57
12761,57
12784,57
12807,58
12830,59
12853,59
12876,59
12899,59
12922,59
12945,59
12968,59
12991,59
13014,59
13037,59
13060,58
13083,57
13106,62
13129,83
13152,46
13175,84
13198,41
13221,53
13244,60
13267,60
13290,59
13313,59
13336,59
13359,59
13382,59
13405,59
13428,57
13451,56
13474,61
13497,71
13520,59
13543,59
13566,59
13589,59
13612,59
13635,59
13658,59
13681,59
13704,59
13727,59
13750,59
13773,58
13796,57
13819,57
13842,57
13865,57
13888,57
13911,57
13934,57
13957,57
13980,58
14003,59
14026,59
14049,59
14072,59
14095,59
14118,59
14141,59
14164,80
14187,63
14210,80
14233,81
14256,-1
14279,84
14302,77
14325,50
14348,83
14371,71
14394,73
14417,48
14440,-1
14463,-1
14486,-1
14509,84
14532,57
14555,57
14578,57
14601,57
14624,58
14647,59
14670,59
14693,59
14716,59
14739,59
14762,59
14785,59
14808,59
14831,59
14854,59
14877,59
14900,59
14923,59
14946,58
14969,57
14992,59
15015,59
15038,59
15061,59
15084,59
15107,59
15130,59
15153,59
15176,58
15199,58
15221,60
15244,59
15267,58
15290,58
15313,58
15336,59
15359,59
15382,59
15405,59
15428,59
15451,59
15474,59
15497,59
15520,82
15543,84
15566,57
15589,59
15612,60
15635,59
15658,59
15681,59
15704,58
15727,57
15750,57
15773,56
15796,-1
15819,-1
15842,-1
15865,-1
15888,-1
15911,-1
15934,66
15957,71
15980,82
16003,57
16026,59
16049,59
16072,58
16095,59
16118,59
16141,59
16164,74
16187,80
16210,57
16233,66
16256,-1
16279,-1
16302,59
16325,56
16348,80
16371,82
16394,82
16417,83
16440,82
16463,-1
16486,82
16509,84
16532,57
16555,82
16578,52
16601,58
16624,60
16647,61
16670,60
16693,60
16716,59
16739,59
16762,59
16785,59
16808,59
16831,59
16854,59
16877,59
16900,59
16923,59
16946,58
16969,58
16992,59
17015,59
17038,59
17061,59
17084,59
17107,59
17130,59
17153,59
17176,59
17199,59
17222,59
17245,59
17268,59
17291,59
17314,58
17337,-1
17360,-1
17383,-1
17406,-1
17429,-1
17452,84
17475,73
17498,59
17521,59
17544,59
17567,59
17590,59
17613,59
17636,59
17659,58
17682,56
17705,51
17728,55
17751,56
17774,57
17797,57
17820,57
17843,57
17866,57
17889,57
17912,57
17935,57
17958,57
17981,56
18004,57
18027,57
18050,57
18073,57
18096,57
18119,57
18142,82
18165,63
18188,67
18211,63
18234,-1
18257,-1
18280,69
18303,82
18326,82
18349,81
18372,81
18395,75
18418,-1
18441,-1
18464,-1
18487,57
18510,57
18533,57
18556,57
18579,57
18601,57
18624,57
18647,57
18670,57
18693,57
18716,57
18739,57
18762,57
18785,57
18808,57
18831,57
18854,57
18877,57
18900,57
18923,57
18946,57
18969,55
18992,55
19015,55
19038,55
19061,55
19084,55
19107,55
19130,56
19153,56
19176,58
19199,-1
19222,73
19245,55
19268,55
19291,55
19314,55
19337,55
19360,55
19383,55
19406,55
19429,55
19452,55
19475,55
19498,55
19521,55
19544,55
19567,55
19590,56
19613,57
19636,58
19659,60
19682,60
19705,60
19728,60
19751,61
19774,62
19797,62
19820,62
19843,62
19866,62
19889,62
19912,62
19935,62
19958,62
19981,62
20004,61
20027,60
20050,59
20073,59
20096,59
20119,59
20142,59
20165,59
20188,59
20211,59
20234,58
20257,-1
20280,-1
20303,-1
20326,-1
20349,-1
20372,-1
20395,-1
20418,-1
20441,69
20464,84
20487,59
20510,52
20533,63
20556,80
20579,80
20602,-1
20625,-1
20648,-1
20671,55
20694,54
20717,55
20740,57
20763,60
20786,72
20809,60
20832,60
20855,61
20878,62
20901,62
20924,62
20947,62
20970,62
20993,62
21016,60
21039,63
21062,81
21085,78
21108,72
21131,71
21154,-1
21177,-1
21200,-1
21223,68
21246,63
21269,63
21292,62
21315,62
21338,62
21361,62
21384,62
21407,62
21430,61
21453,60
21476,59
21499,59
21522,59
21545,61
21568,84
21591,60
21614,79
21637,56
21660,56
21683,57
21706,57
21729,57
21752,57
21775,57
21798,57
21821,57
21844,54
21867,54
21890,56
21913,55
21936,55
21959,55
21981,55
22004,55
22027,55
22050,52
22073,-1
22096,-1
22119,-1
22142,-1
22165,-1
22188,-1
22211,-1
22234,60
22257,62
22280,62
22303,62
22326,62
22349,62
22372,62
22395,62
22418,62
22441,56
22464,-1
22487,-1
22510,-1
22533,-1
22556,-1
22579,73
22602,71
22625,84
22648,59
22671,84
22694,84
22717,84
22740,62
22763,62
22786,62
22809,62
22832,62
22855,62
22878,62
22901,62
22924,62
22947,62
22970,62
22993,61
23016,61
23039,59
23062,57
23085,56
23108,84
23131,-1
23154,-1
23177,-1
23200,-1
23223,79
23246,75
23269,62
23292,62
23315,62
23338,62
23361,62
23384,62
23407,62
23430,60
23453,59
23476,59
23499,56
23522,82
23545,68
23568,63
23591,62
23614,72
23637,70
23660,59
23683,58
23706,57
23729,57
23752,57
23775,57
23798,57
23821,57
23844,56
23867,56
23890,55
23913,55
23936,55
23959,55
23982,55
24005,55
24028,-1
24051,-1
24074,81
24097,80
24120,81
24143,79
24166,-1
24189,-1
24212,71
24235,63
24258,80
24281,60
24304,60
24327,59
24350,59
24373,61
24396,62
24419,62
24442,62
24465,62
24488,63
24511,81
24534,81
24557,-1
24580,-1
24603,82
24626,61
24649,62
24672,62
24695,62
24718,62
24741,62
24764,62
24787,62
24810,62
24833,62
24856,62
24879,62
24902,62
24925,62
24948,62
24971,62
24994,62
25017,80
25040,-1
25063,70
25086,53
25109,71
25132,57
25155,69
25178,75
25201,62
25224,63
25247,62
25270,62
25293,62
25316,62
25339,62
25361,62
25384,62
25407,61
25430,60
25453,59
25476,58
25499,57
25522,56
25545,55
25568,54
25591,53
25614,52
25637,58
25660,58
25683,57
25706,57
25729,57
25752,57
25775,57
25798,57
25821,57
25844,56
25867,55
25890,55
25913,55
25936,55
25959,55
25982,55
26005,54
26028,53
26051,-1
26074,-1
26097,78
26120,78
26143,-1
26166,-1
26189,-1
26212,-1
26235,72
26258,65
26281,65
26304,65
26327,65
26350,66
26373,67
26396,67
26419,67
26442,67
26465,67
26488,67
26511,67
26534,67
26557,67
26580,66
26603,65
26626,84
26649,72
26672,-1
26695,-1
26718,58
26741,68
26764,68
26787,84
26810,66
26833,67
26856,67
26879,67
26902,63
26925,62
26948,63
26971,65
26994,68
27017,68
27040,67
27063,66
27086,66
27109,65
27132,63
27155,61
27178,60
27201,58
27224,84
27247,63
27270,67
27293,68
27316,67
27339,67
27362,67
27385,67
27408,67
27431,67
27454,67
27477,67
27500,67
27523,67
27546,67
27569,67
27592,67
27615,66
27638,66
27661,66
27684,63
27707,61
27730,60
27753,43
27776,66
27799,67
27822,67
27845,68
27868,69
27891,69
27914,69
27937,69
27960,69
27983,69
28006,69
28029,69
28052,68
28075,70
28098,71
28121,71
28144,71
28167,71
28190,71
28213,71
28236,71
28259,72
28282,-1
28305,-1
28328,-1
28351,-1
28374,-1
28397,-1
28420,-1
28443,-1
28466,-1
28489,-1
28512,-1
28535,-1
28558,-1
28581,-1
28604,-1
28627,-1
28650,-1
28673,72
28696,64
28719,56
28741,81
28764,81
28787,66
28810,66
28833,65
28856,66
28879,66
28902,67
28925,67
28948,67
28971,67
28994,67
29017,67
29040,67
29063,67
29086,66
29109,68
29132,64
29155,-1
29178,-1
29201,84
29224,75
29247,75
29270,59
29293,59
29316,58
29339,59
29362,-1
29385,66
29408,62
29431,62
29454,62
29477,72
29500,56
29523,76
29546,74
29569,-1
29592,67
29615,67
29638,67
29661,67
29684,67
29707,67
29730,67
29753,67
29776,-1
29799,-1
29822,-1
29845,59
29868,60
29891,62
29914,62
29937,62
29960,62
29983,62
30006,62
30029,62
30052,62
30075,62
30098,62
30121,62
30144,62
30167,62
30190,62
30213,61
30236,62
30259,62
30282,-1
30305,-1
30328,-1
30351,-1
30374,-1
30397,-1
30420,-1
30443,-1
30466,-1
30489,-1
30512,-1
30535,-1
30558,-1
30581,-1
30604,-1
30627,-1
30650,-1
30673,-1
30696,-1
30719,-1
30742,-1
30765,-1
30788,-1
30811,-1
30834,-1
30857,-1
30880,-1
30903,-1
30926,-1
30949,-1
30972,-1
30995,58
31018,59
31041,59
31064,59
31087,59
31110,59
31133,59
31156,59
31179,59
31202,59
31225,59
31248,59
31271,59
31294,59
31317,58
31340,73
31363,72
31386,62
31409,62
31432,61
31455,66
31478,61
31501,-1
31524,-1
31547,-1
31570,84
31593,83
31616,81
31639,71
31662,70
31685,69
31708,69
31731,69
31754,70
31777,71
31800,71
31823,71
31846,71
31869,71
31892,71
31915,71
31938,70
31961,66
31984,80
32007,67
32030,67
32053,67
32076,67
32099,66
32121,67
32144,68
32167,68
32190,67
32213,67
32236,67
32259,67
32282,67
32305,67
32328,54
32351,82
32374,67
32397,84
32420,64
32443,64
32466,59
32489,-1
32512,-1
32535,-1
32558,-1
32581,-1
32604,-1
32627,-1
32650,-1
32673,-1
32696,-1
32719,-1
32742,-1
32765,-1
32788,-1
32811,-1
32834,-1
32857,-1
32880,-1
32903,-1
32926,-1
32949,-1
32972,-1
32995,68
33018,67
33041,67
33064,67
33087,67
33110,67
33133,67
33156,65
33179,61
33202,58
33225,75
33248,67
33271,68
33294,69
33317,69
33340,70
33363,71
33386,71
33409,71
33432,70
33455,69
33478,70
33501,72
33524,72
33547,72
33570,72
33593,72
33616,72
33639,72
33662,72
33685,72
33708,71
33731,70
33754,70
33777,70
33800,69
33823,69
33846,70
33869,71
33892,71
33915,71
33938,71
33961,71
33984,70
34007,69
34030,66
34053,67
34076,67
34099,67
34122,66
34145,67
34168,67
34191,67
34214,67
34237,67
34260,67
34283,67
34306,67
34329,68
34352,68
34375,66
34398,53
34421,66
34444,-1
34467,-1
34490,-1
34513,-1
34536,-1
34559,-1
34582,-1
34605,-1
34628,-1
34651,-1
34674,-1
34697,-1
34720,-1
34743,-1
34766,-1
34789,-1
34812,-1
34835,-1
34858,-1
34881,-1
34904,83
34927,71
34950,70
34973,73
34996,74
35019,63
35042,67
35065,67
35088,67
35111,67
35134,65
35157,-1
35180,-1
35203,81
35226,80
35249,74
35272,74
35295,70
35318,69
35341,69
35364,70
35387,70
35410,70
35433,71
35456,70
35479,70
35501,69
35524,69
35547,69
35570,69
35593,69
35616,69
35639,69
35662,69
35685,69
35708,69
35731,68
35754,68
35777,67
35800,67
35823,68
35846,69
35869,69
35892,69
35915,69
35938,69
35961,68
35984,66
36007,66
36030,67
36053,67
36076,67
36099,67
36122,67
36145,68
36168,67
36191,67
36214,67
36237,67
36260,67
36283,67
36306,-1
36329,-1
36352,-1
36375,-1
36398,-1
36421,-1
36444,-1
36467,-1
36490,-1
36513,-1
36536,-1
36559,-1
36582,-1
36605,-1
36628,-1
36651,-1
36674,-1
36697,-1
36720,-1
36743,65
36766,66
36789,65
36812,66
36835,66
36858,67
36881,67
36904,67
36927,67
36950,67
36973,67
36996,67
37019,66
37042,78
37065,69
37088,50
37111,82
37134,-1
37157,84
37180,55
37203,77
37226,58
37249,60
37272,74
37295,58
37318,74
37341,59
37364,59
37387,59
37410,43
37433,-1
37456,76
37479,62
37502,62
37525,62
37548,62
37571,62
37594,63
37617,64
37640,66
37663,67
37686,67
37709,67
37732,-1
37755,-1
37778,-1
37801,-1
37824,58
37847,59
37870,58
37893,60
37916,63
37939,63
37962,63
37985,62
38008,62
38031,62
38054,62
38077,62
38100,62
38123,62
38146,62
38169,62
38192,62
38215,62
38238,62
38261,62
38284,-1
38307,-1
38330,-1
38353,-1
38376,-1
38399,-1
38422,-1
38445,-1
38468,-1
38491,-1
38514,-1
38537,-1
38560,-1
38583,-1
38606,-1
38629,-1
38652,-1
38675,-1
38698,-1
38721,-1
38744,-1
38767,-1
38790,-1
38813,-1
38836,-1
38859,-1
38881,-1
38904,-1
38927,-1
38950,-1
38973,-1
38996,-1
39019,-1
39042,-1
39065,-1
39088,-1
39111,-1
39134,-1
39157,-1
39180,-1
39203,-1
39226,-1
39249,74
39272,59
39295,59
39318,59
39341,59
39364,59
39387,-1
39410,-1
39433,52
39456,66
39479,62
39502,63
39525,62
39548,62
39571,60
39594,57
39617,57
39640,57
39663,58
39686,59
39709,80
39732,69
39755,70
39778,70
39801,69
39824,69
39847,70
39870,71
39893,71
39916,71
39939,71
39962,71
39985,71
40008,71
40031,71
40054,71
40077,71
40100,71
40123,71
40146,71
40169,71
40192,71
40215,71
40238,71
40261,71
40284,71
40307,71
40330,70
40353,-1
40376,-1
40399,-1
40422,-1
40445,65
40468,67
40491,68
40514,67
40537,66
40560,67
40583,67
40606,67
40629,67
40652,67
40675,67
40698,78
40721,66
40744,-1
40767,-1
40790,-1
40813,-1
40836,-1
40859,-1
40882,-1
40905,-1
40928,-1
40951,-1
40974,-1
40997,66
41020,67
41043,67
41066,67
41089,67
41112,68
41135,68
41158,65
41181,64
41204,64
41227,67
41250,70
41273,70
41296,70
41319,70
41342,71
41365,71
41388,71
41411,69
41434,52
41457,68
41480,71
41503,72
41526,72
41549,72
41572,72
41595,72
41618,72
41641,72
41664,72
41687,71
41710,70
41733,70
41756,70
41779,69
41802,69
41825,70
41848,71
41871,71
41894,71
41917,71
41940,70
41963,69
41986,66
42009,67
42032,67
42055,67
42078,67
42101,66
42124,67
42147,67
42170,67
42193,67
42216,67
42239,67
42261,67
42284,67
42307,77
42330,70
42353,68
42376,56
42399,-1
42422,-1
42445,-1
42468,-1
42491,-1
42514,-1
42537,-1
42560,-1
42583,-1
42606,-1
42629,-1
42652,-1
42675,-1
42698,-1
42721,-1
42744,-1
42767,-1
42790,-1
42813,-1
42836,-1
42859,-1
42882,-1
42905,-1
42928,80
42951,77
42974,-1
42997,72
43020,56
43043,67
43066,67
43089,67
43112,67
43135,-1
43158,-1
43181,65
43204,82
43227,66
43250,76
43273,84
43296,72
43319,70
43342,70
43365,70
43388,71
43411,71
43434,71
43457,71
43480,70
43503,70
43526,69
43549,69
43572,69
43595,69
43618,69
43641,69
43664,69
43687,69
43710,69
43733,68
43756,68
43779,67
43802,67
43825,68
43848,69
43871,69
43894,69
43917,69
43940,69
43963,69
43986,66
44009,66
44032,67
44055,67
44078,67
44101,67
44124,67
44147,68
44170,67
44193,67
44216,67
44239,67
44262,67
44285,-1
44308,-1
44331,-1
44354,-1
44377,-1
44400,-1
44423,-1
44446,-1
44469,-1
44492,-1
44515,-1
44538,-1
44561,-1
44584,-1
44607,-1
44630,-1
44653,-1
44676,59
44699,73
44722,63
44745,79
44768,66
44791,66
44814,84
44837,65
44860,66
44883,67
44906,67
44929,67
44952,67
44975,67
44998,67
45021,67
45044,67
45067,67
45090,67
45113,68
45136,64
45159,-1
45182,-1
45205,76
45228,68
45251,59
45274,59
45297,59
45320,58
45343,57
45366,70
45389,84
45412,61
45435,62
45458,62
45481,59
45504,83
45527,-1
45550,-1
45573,64
45596,67
45619,67
45641,67
45664,67
45687,67
45710,67
45733,78
45756,-1
45779,-1
45802,-1
45825,-1
45848,59
45871,61
45894,62
45917,62
45940,62
45963,62
45986,62
46009,62
46032,62
46055,62
46078,62
46101,62
46124,62
46147,62
46170,62
46193,62
46216,62
46239,62
46262,-1
46285,-1
46308,-1
46331,-1
46354,-1
46377,-1
46400,-1
46423,-1
46446,-1
46469,-1
46492,-1
46515,-1
46538,-1
46561,-1
46584,-1
46607,-1
46630,-1
46653,-1
46676,-1
46699,-1
46722,-1
46745,-1
46768,-1
46791,-1
46814,-1
46837,-1
46860,-1
46883,-1
46906,-1
46929,-1
46952,-1
46975,-1
46998,58
47021,59
47044,59
47067,59
47090,59
47113,59
47136,59
47159,59
47182,59
47205,59
47228,59
47251,59
47274,59
47297,59
47320,68
47343,67
47366,-1
47389,62
47412,62
47435,-1
47458,-1
47481,-1
47504,-1
47527,-1
47550,-1
47573,84
47596,82
47619,81
47642,71
47665,70
47688,81
47711,69
47734,69
47757,70
47780,71
47803,71
47826,71
47849,71
47872,71
47895,71
47918,71
47941,70
47964,-1
47987,-1
48010,-1
48033,67
48056,67
48079,67
48102,66
48125,67
48148,68
48171,67
48194,67
48217,67
48240,67
48263,67
48286,67
48309,55
48332,73
48355,73
48378,67
48401,84
48424,64
48447,-1
48470,-1
48493,-1
48516,-1
48539,-1
48562,-1
48585,-1
48608,-1
48631,-1
48654,-1
48677,-1
48700,-1
48723,-1
48746,-1
48769,-1
48792,-1
48815,-1
48838,-1
48861,-1
48884,-1
48907,-1
48930,-1
48953,-1
48976,66
48999,68
49021,67
49044,67
49067,67
49090,67
49113,67
49136,67
49159,64
49182,60
49205,58
49228,66
49251,67
49274,69
49297,69
49320,69
49343,71
49366,71
49389,71
49412,71
49435,70
49458,70
49481,70
49504,72
49527,72
49550,72
49573,72
49596,72
49619,72
49642,72
49665,72
49688,72
49711,71
49734,70
49757,70
49780,81
49803,81
49826,70
49849,70
49872,71
49895,71
49918,71
49941,71
49964,71
49987,70
50010,68
50033,67
50056,67
50079,67
50102,79
50125,66
50148,67
50171,67
50194,67
50217,67
50240,67
50263,67
50286,66
50309,-1
50332,-1
50355,-1
50378,-1
50401,-1
50424,-1
50447,-1
50470,-1
50493,-1
50516,-1
50539,-1
50562,-1
50585,-1
50608,-1
50631,-1
50654,-1
50677,-1
50700,-1
50723,-1
50746,-1
50769,-1
50792,-1
50815,-1
50838,-1
50861,-1
50884,-1
50907,68
50930,70
50953,65
50976,-1
50999,73
51022,67
51045,67
51068,67
51091,67
51114,67
51137,-1
51160,-1
51183,-1
51206,82
51229,66
51252,81
51275,82
51298,82
51321,69
51344,69
51367,70
51390,70
51413,71
51436,71
51459,70
51482,70
51505,69
51528,69
51551,69
51574,69
51597,69
51620,69
51643,69
51666,69
51689,69
51712,69
51735,68
51758,68
51781,67
51804,67
51827,68
51850,69
51873,69
51896,69
51919,69
51942,69
51965,68
51988,65
52011,66
52034,67
52057,67
52080,67
52103,67
52126,67
52149,68
52172,67
52195,67
52218,66
52241,67
52264,67
52287,-1
52310,-1
52333,-1
52356,-1
52379,-1
52401,-1
52424,-1
52447,-1
52470,-1
52493,-1
52516,-1
52539,-1
52562,-1
52585,-1
52608,-1
52631,-1
52654,-1
52677,-1
52700,-1
52723,-1
52746,-1
52769,66
52792,66
52815,65
52838,66
52861,66
52884,67
52907,67
52930,67
52953,67
52976,67
52999,67
53022,67
53045,67
53068,67
53091,67
53114,67
53137,67
53160,64
53183,82
53206,78
53229,60
53252,60
53275,59
53298,58
53321,59
53344,59
53367,59
53390,59
53413,59
53436,57
53459,-1
53482,62
53505,63
53528,64
53551,63
53574,-1
53597,82
53620,82
53643,83
53666,67
53689,67
53712,67
53735,66
53758,65
53781,64
53804,62
53827,-1
53850,65
53873,67
53896,67
53919,64
53942,61
53965,58
53988,-1
54011,62
54034,62
54057,74
54080,62
54103,62
54126,62
54149,62
54172,62
54195,62
54218,62
54241,62
54264,62
54287,62
54310,62
54333,62
54356,62
54379,62
54402,62
54425,62
54448,62
54471,62
54494,62
54517,62
54540,62
54563,62
54586,62
54609,62
54632,62
54655,62
54678,-1
54701,-1
54724,-1
54747,-1
54770,-1
54793,-1
54816,-1
54839,-1
54862,-1
54885,-1
54908,-1
54931,-1
54954,-1
54977,-1
55000,-1
55023,-1
55046,-1
55069,-1
55092,-1
55115,-1
55138,-1
55161,76
55184,78
55207,81
55230,57
55253,59
55276,59
55299,59
55322,59
55345,59
55368,59
55391,59
55414,59
55437,59
55460,59
55483,60
55506,62
55529,62
55552,61
55575,58
55598,-1
55621,-1
55644,59
55667,76
55690,81
55713,78
55736,67
55759,69
55781,71
55804,70
55827,69
55850,70
55873,71
55896,71
55919,71
55942,71
55965,71
55988,71
56011,71
56034,71
56057,71
56080,71
56103,71
56126,71
56149,71
56172,71
56195,71
56218,71
56241,71
56264,71
56287,-1
56310,-1
56333,-1
56356,61
56379,68
56402,76
56425,-1
56448,-1
56471,-1
56494,67
56517,67
56540,67
56563,67
56586,67
56609,67
56632,68
56655,68
56678,67
56701,67
56724,66
56747,66
56770,-1
56793,-1
56816,76
56839,64
56862,77
56885,81
56908,-1
56931,-1
56954,-1
56977,-1
57000,66
57023,67
57046,67
57069,67
57092,67
57115,67
57138,80
57161,65
57184,-1
57207,59
57230,83
57253,70
57276,70
57299,69
57322,70
57345,70
57368,71
57391,71
57414,71
57437,71
57460,69
57483,70
57506,72
57529,72
57552,72
57575,72
57598,72
57621,72
57644,72
57667,72
57690,72
57713,72
57736,71
57759,70
57782,70
57805,69
57828,69
57851,70
57874,70
57897,71
57920,71
57943,71
57966,71
57989,70
58012,69
58035,65
58058,66
58081,67
58104,67
58127,67
58150,67
58173,67
58196,67
58219,67
58242,67
58265,67
58288,67
58311,67
58334,67
58357,67
58380,66
58403,-1
58426,-1
58449,-1
58472,-1
58495,-1
58518,-1
58541,-1
58564,-1
58587,-1
58610,-1
58633,-1
58656,-1
58679,-1
58702,-1
58725,-1
58748,-1
58771,-1
58794,-1
58817,-1
58840,-1
58863,-1
58886,-1
58909,83
58932,81
58955,83
58978,80
59001,80
59024,67
59047,67
59070,67
59093,67
59116,-1
59139,-1
59161,-1
59184,82
59207,82
59230,82
59253,-1
59276,84
59299,72
59322,70
59345,70
59368,70
59391,70
59414,71
59437,71
59460,71
59483,70
59506,69
59529,69
59552,69
59575,69
59598,69
59621,69
59644,69
59667,69
59690,69
59713,69
59736,67
59759,67
59782,67
59805,67
59828,68
59851,69
59874,69
59897,69
59920,69
59943,69
59966,67
59989,66
60012,66
60035,67
60058,67
60081,67
60104,67
60127,67
60150,68
60173,67
60196,67
60219,66
60242,67
60265,67
60288,67
60311,67
60334,-1
60357,-1
60380,-1
60403,-1
60426,-1
60449,-1
60472,-1
60495,-1
60518,-1
60541,-1
60564,-1
60587,-1
60610,-1
60633,-1
60656,-1
60679,-1
60702,-1
60725,-1
60748,-1
60771,-1
60794,-1
60817,-1
60840,-1
60863,-1
60886,-1
60909,-1
60932,-1
60955,-1
60978,-1
61001,-1
61024,-1
61047,-1
61070,-1
61093,-1
61116,-1
61139,-1
61162,-1
61185,-1
61208,-1
61231,-1
61254,-1
61277,-1
61300,-1
61323,-1
61346,-1
61369,-1
61392,-1
61415,-1
61438,-1
61461,-1
61484,-1
61507,-1
61530,-1
61553,-1
61576,-1
61599,-1
61622,-1
61645,-1
61668,-1
61691,-1
61714,-1
61737,-1
61760,-1
61783,-1
61806,-1
61829,-1
61852,-1
61875,-1
61898,-1
61921,-1
61944,-1
61967,-1
61990,-1
62013,-1
62036,-1
62059,-1
62082,-1
62105,-1
62128,-1
62151,-1
62174,-1
62197,-1
62220,-1
62243,-1
62266,-1
62289,-1
62312,-1
62335,-1
62358,-1
62381,-1
62404,-1
62427,-1
62450,-1
62473,-1
62496,-1
62519,-1
62541,-1
62564,-1
62587,-1
62610,-1
62633,-1
62656,-1
62679,-1
62702,-1
62725,-1
62748,-1
62771,-1
62794,-1
62817,-1
62840,-1
62863,-1
62886,-1
62909,-1
62932,-1
62955,-1
62978,-1
63001,-1
63024,-1
63047,-1
63070,-1
63093,-1
63116,-1
63139,-1
63162,-1
63185,-1
63208,-1
63231,-1
63254,-1
63277,-1
63300,-1
63323,-1
63346,-1
63369,-1
63392,-1
63415,-1
63438,-1
63461,-1
63484,-1
63507,-1
63530,-1
63553,-1
63576,-1
63599,-1
63622,-1
63645,-1
63668,-1
63691,-1
63714,-1
63737,-1
63760,-1
63783,-1
63806,-1
63829,-1
63852,-1
63875,-1
63898,-1
63921,-1
63944,-1
63967,-1
63990,-1
64013,-1
64036,-1
64059,-1
64082,-1
64105,-1
64128,-1
64151,-1
64174,-1
64197,-1
64220,-1
64243,-1
64266,-1
64289,-1
64312,-1
64335,-1
64358,-1
64381,-1
64404,-1
64427,49
64450,68
64473,78
64496,58
64519,58
64542,59
64565,58
64588,-1
64611,-1
64634,-1
64657,39
64680,58
64703,80
64726,74
64749,59
64772,59
64795,59
64818,59
64841,-1
64864,-1
64887,-1
64910,-1
64933,53
64956,66
64979,59
65002,59
65025,58
65048,58
65071,59
65094,59
65117,-1
65140,-1
65163,-1
65186,56
65209,59
65232,59
65255,59
65278,59
65301,59
65324,59
65347,59
65370,59
65393,59
65416,59
65439,59
65462,59
65485,59
65508,59
65531,60
65554,59
65577,58
65600,59
65623,-1
65646,-1
65669,-1
65692,-1
65715,61
65738,83
65761,83
65784,-1
65807,-1
65830,-1
65853,-1
65876,-1
65899,-1
65921,-1
65944,-1
65967,81
65990,59
66013,80
66036,57
66059,58
66082,58
66105,58
66128,58
66151,59
66174,59
66197,58
66220,58
66243,58
66266,59
66289,59
66312,59
66335,59
66358,59
66381,59
66404,59
66427,59
66450,59
66473,59
66496,59
66519,59
66542,59
66565,59
66588,59
66611,59
66634,59
66657,-1
66680,-1
66703,83
66726,66
66749,60
66772,59
66795,-1
66818,-1
66841,-1
66864,-1
66887,75
66910,57
66933,58
66956,58
66979,59
67002,59
67025,59
67048,59
67071,59
67094,59
67117,57
67140,-1
67163,-1
67186,81
67209,80
67232,60
67255,59
67278,59
67301,59
67324,59
67347,59
67370,59
67393,59
67416,59
67439,59
67462,58
67485,59
67508,59
67531,59
67554,59
67577,57
67600,-1
67623,-1
67646,-1
67669,-1
67692,-1
67715,-1
67738,-1
67761,-1
67784,-1
67807,79
67830,80
67853,60
67876,55
67899,46
67922,49
67945,61
67968,64
67991,58
68014,58
68037,59
68060,59
68083,59
68106,59
68129,59
68152,59
68175,59
68198,59
68221,59
68244,59
68267,59
68290,59
68313,59
68336,58
68359,57
68382,56
68405,45
68428,57
68451,70
68474,68
68497,70
68520,56
68543,68
68566,58
68589,57
68612,57
68635,-1
68658,-1
68681,-1
68704,81
68727,61
68750,59
68773,59
68796,59
68819,58
68842,59
68865,59
68888,59
68911,59
68934,59
68957,59
68980,60
69003,60
69026,59
69049,58
69072,59
69095,59
69118,59
69141,59
69164,59
69187,59
69210,59
69233,59
69256,59
69279,59
69301,58
69324,58
69347,-1
69370,-1
69393,-1
69416,-1
69439,-1
69462,70
69485,59
69508,59
69531,59
69554,59
69577,59
69600,59
69623,59
69646,59
69669,59
69692,59
69715,58
69738,58
69761,57
69784,57
69807,56
69830,56
69853,57
69876,57
69899,57
69922,57
69945,57
69968,56
69991,57
70014,57
70037,57
70060,57
70083,57
70106,57
70129,57
70152,57
70175,55
70198,-1
70221,81
70244,82
70267,68
70290,81
70313,81
70336,82
70359,82
70382,82
70405,82
70428,-1
70451,-1
70474,62
70497,50
70520,50
70543,43
70566,65
70589,84
70612,53
70635,63
70658,74
70681,56
70704,72
70727,-1
70750,56
70773,57
70796,57
70819,57
70842,57
70865,57
70888,57
70911,57
70934,57
70957,56
70980,56
71003,54
71026,55
71049,55
71072,55
71095,54
71118,72
71141,-1
71164,-1
71187,-1
71210,-1
71233,77
71256,77
71279,54
71302,54
71325,54
71348,54
71371,55
71394,55
71417,55
71440,55
71463,55
71486,55
71509,55
71532,55
71555,55
71578,55
71601,55
71624,57
71647,58
71670,60
71693,60
71716,59
71739,59
71762,60
71785,62
71808,62
71831,62
71854,62
71877,62
71900,62
71923,62
71946,62
71969,62
71992,61
72015,60
72038,59
72061,59
72084,59
72107,59
72130,59
72153,59
72176,59
72199,59
72222,58
72245,57
72268,73
72291,45
72314,51
72337,82
72360,81
72383,67
72406,82
72429,82
72452,-1
72475,74
72498,84
72521,84
72544,59
72567,59
72590,59
72613,59
72636,57
72659,57
72681,56
72704,55
72727,54
72750,59
72773,59
72796,78
72819,57
72842,57
72865,58
72888,60
72911,60
72934,59
72957,58
72980,57
73003,58
73026,58
73049,59
73072,59
73095,59
73118,59
73141,59
73164,59
73187,59
73210,58
73233,59
73256,59
73279,59
73302,59
73325,59
73348,59
73371,59
73394,59
73417,59
73440,59
73463,59
73486,59
73509,59
73532,59
73555,59
73578,59
73601,59
73624,59
73647,59
73670,59
73693,59
73716,59
73739,58
73762,57
73785,57
73808,56
73831,59
73854,49
73877,59
73900,57
73923,70
73946,-1
73969,73
73992,59
74015,59
74038,59
74061,58
74084,59
74107,60
74130,60
74153,59
74176,58
74199,58
74222,59
74245,59
74268,59
74291,59
74314,59
74337,58
74360,57
74383,-1
74406,82
74429,82
74452,82
74475,60
74498,64
74521,54
74544,72
74567,83
74590,72
74613,81
74636,68
74659,-1
74682,84
74705,84
74728,59
74751,84
74774,84
74797,83
74820,82
74843,58
74866,-1
74889,-1
74912,-1
74935,80
74958,80
74981,59
75004,59
75027,59
75050,58
75073,58
75096,56
75119,60
75142,53
75165,70
75188,77
75211,82
75234,78
75257,66
75280,72
75303,79
75326,56
75349,58
75372,59
75395,59
75418,59
75441,59
75464,59
75487,59
75510,58
75533,59
75556,73
75579,60
75602,53
75625,58
75648,59
75671,59
75694,59
75717,59
75740,59
75763,59
75786,58
75809,57
75832,56
75855,84
75878,63
75901,83
75924,78
75947,64
75970,78
75993,-1
76016,69
76039,58
76061,59
76084,59
76107,58
76130,59
76153,60
76176,60
76199,59
76222,59
76245,59
76268,60
76291,59
76314,59
76337,58
76360,56
76383,59
76406,81
76429,82
76452,82
76475,82
76498,82
76521,83
76544,83
76567,82
76590,57
76613,57
76636,57
76659,58
76682,56
76705,56
76728,56
76751,59
76774,60
76797,59
76820,57
76843,58
76866,59
76889,59
76912,59
76935,59
76958,59
76981,58
77004,59
77027,59
77050,59
77073,59
77096,59
77119,59
77142,59
77165,59
77188,59
77211,59
77234,59
77257,59
77280,59
77303,59
77326,59
77349,59
77372,59
77395,59
77418,59
77441,59
77464,59
77487,59
77510,59
77533,59
77556,59
77579,59
77602,59
77625,59
77648,59
77671,59
77694,58
77717,58
77740,57
77763,57
77786,57
77809,57
77832,55
77855,77
77878,60
77901,72
77924,76
77947,82
77970,58
77993,58
78016,57
78039,57
78062,57
78085,56
78108,57
78131,57
78154,58
78177,57
78200,57
78223,57
78246,57
78269,57
78292,57
78315,57
78338,57
78361,57
78384,57
78407,57
78430,57
78453,57
78476,57
78499,57
78522,57
78545,56
78568,-1
78591,-1
78614,-1
78637,-1
78660,-1
78683,-1
78706,-1
78729,57
78752,57
78775,57
78798,57
78821,57
78844,56
78867,76
78890,75
78913,71
78936,54
78959,53
78982,52
79005,55
79028,55
79051,55
79074,54
79097,80
79120,38
79143,57
79166,80
79189,64
79212,81
79235,52
79258,55
79281,55
79304,55
79327,55
79350,55
79373,55
79396,55
79419,55
79441,55
79464,55
79487,55
79510,55
79533,55
79556,55
79579,56
79602,56
79625,56
79648,82
79671,82
79694,60
79717,60
79740,59
79763,60
79786,62
79809,62
79832,62
79855,62
79878,62
79901,62
79924,62
79947,62
79970,62
79993,62
80016,60
80039,59
80062,59
80085,59
80108,59
80131,59
80154,59
80177,59
80200,59
80223,59
80246,57
80269,54
80292,50
80315,-1
80338,-1
80361,83
80384,83
80407,83
80430,-1
80453,-1
80476,-1
80499,-1
80522,-1
80545,-1
80568,-1
80591,-1
80614,-1
80637,-1
80660,-1
80683,54
80706,55
80729,55
80752,60
80775,60
80798,60
80821,60
80844,61
80867,62
80890,62
80913,62
80936,62
80959,62
80982,62
81005,62
81028,60
81051,71
81074,78
81097,84
81120,69
81143,68
81166,-1
81189,-1
81212,-1
81235,63
81258,63
81281,62
81304,62
81327,62
81350,62
81373,62
81396,62
81419,61
81442,60
81465,59
81488,59
81511,59
81534,57
81557,82
81580,52
81603,59
81626,56
81649,57
81672,57
81695,57
81718,57
81741,57
81764,57
81787,57
81810,57
81833,56
81856,54
81879,55
81902,55
81925,55
81948,55
81971,55
81994,55
82017,55
82040,54
82063,-1
82086,80
82109,81
82132,80
82155,82
82178,-1
82201,-1
82224,59
82247,61
82270,62
82293,62
82316,62
82339,62
82362,62
82385,62
82408,62
82431,55
82454,55
82477,-1
82500,-1
82523,-1
82546,-1
82569,-1
82592,75
82615,74
82638,54
82661,80
82684,76
82707,84
82730,74
82753,63
82776,62
82799,62
82821,62
82844,62
82867,62
82890,62
82913,62
82936,62
82959,62
82982,61
83005,61
83028,61
83051,-1
83074,-1
83097,-1
83120,-1
83143,-1
83166,-1
83189,-1
83212,83
83235,55
83258,62
83281,62
83304,62
83327,62
83350,62
83373,62
83396,62
83419,61
83442,59
83465,59
83488,58
83511,55
83534,72
83557,50
83580,61
83603,82
83626,63
83649,59
83672,59
83695,58
83718,57
83741,57
83764,57
83787,57
83810,57
83833,57
83856,56
83879,55
83902,55
83925,55
83948,55
83971,55
83994,55
84017,-1
84040,-1
84063,-1
84086,81
84109,81
84132,81
84155,-1
84178,-1
84201,53
84224,51
84247,67
84270,55
84293,60
84316,60
84339,59
84362,60
84385,62
84408,62
84431,62
84454,62
84477,62
84500,63
84523,81
84546,-1
84569,-1
84592,82
84615,60
84638,61
84661,62
84684,62
84707,62
84730,62
84753,62
84776,62
84799,62
84822,62
84845,62
84868,62
84891,62
84914,62
84937,62
84960,62
84983,62
85006,62
85029,-1
85052,-1
85075,70
85098,67
85121,68
85144,68
85167,75
85190,75
85213,62
85236,62
85259,62
85282,62
85305,62
85328,62
85351,62
85374,62
85397,61
85420,60
85443,59
85466,59
85489,58
85512,57
85535,56
85558,55
85581,54
85604,53
85627,58
85650,58
85673,58
85696,57
85719,57
85742,57
85765,57
85788,57
85811,57
85834,56
85857,56
85880,55
85903,55
85926,55
85949,55
85972,55
85995,55
86018,54
86041,-1
86064,-1
86087,-1
86110,-1
86133,-1
86156,-1
86179,-1
86201,-1
86224,-1
86247,65
86270,65
86293,65
86316,64
86339,66
86362,67
86385,67
86408,67
86431,67
86454,67
86477,67
86500,67
86523,67
86546,67
86569,66
86592,66
86615,68
86638,74
86661,58
86684,59
86707,72
86730,60
86753,68
86776,68
86799,67
86822,66
86845,67
86868,67
86891,65
86914,62
86937,81
86960,65
86983,67
87006,68
87029,71
87052,66
87075,66
87098,66
87121,64
87144,62
87167,60
87190,59
87213,58
87236,63
87259,65
87282,67
87305,67
87328,67
87351,66
87374,67
87397,67
87420,67
87443,74
87466,67
87489,67
87512,67
87535,67
87558,67
87581,67
87604,67
87627,66
87650,66
87673,65
87696,62
87719,61
87742,61
87765,66
87788,67
87811,67
87834,67
87857,68
87880,69
87903,69
87926,69
87949,69
87972,69
87995,69
88018,69
88041,69
88064,69
88087,70
88110,71
88133,71
88156,71
88179,71
88202,71
88225,71
88248,72
88271,-1
88294,-1
88317,-1
88340,-1
88363,-1
88386,-1
88409,-1
88432,-1
88455,-1
88478,-1
88501,-1
88524,-1
88547,-1
88570,-1
88593,-1
88616,-1
88639,-1
88662,72
88685,60
88708,73
88731,82
88754,72
88777,65
88800,66
88823,66
88846,65
88869,66
88892,67
88915,67
88938,67
88961,67
88984,67
89007,67
89030,67
89053,67
89076,67
89099,66
89122,75
89145,65
89168,-1
89191,-1
89214,76
89237,75
89260,59
89283,59
89306,59
89329,58
89352,-1
89375,57
89398,73
89421,62
89444,62
89467,61
89490,83
89513,54
89536,82
89559,-1
89581,66
89604,67
89627,67
89650,67
89673,67
89696,67
89719,67
89742,67
89765,-1
89788,-1
89811,-1
89834,59
89857,59
89880,62
89903,62
89926,62
89949,62
89972,62
89995,62
90018,62
90041,62
90064,62
90087,62
90110,62
90133,62
90156,62
90179,62
90202,62
90225,62
90248,62
90271,-1
90294,-1
90317,-1
90340,-1
90363,-1
90386,-1
90409,-1
90432,-1
90455,-1
90478,-1
90501,-1
90524,-1
90547,-1
90570,-1
90593,-1
90616,-1
90639,-1
90662,-1
90685,-1
90708,-1
90731,-1
90754,-1
90777,-1
90800,-1
90823,-1
90846,-1
90869,-1
90892,-1
90915,-1
90938,-1
90961,-1
90984,56
91007,58
91030,59
91053,59
91076,59
91099,59
91122,59
91145,59
91168,59
91191,59
91214,59
91237,59
91260,59
91283,59
91306,59
91329,59
91352,77
91375,63
91398,62
91421,62
91444,64
91467,84
91490,84
91513,84
91536,-1
91559,84
91582,84
91605,82
91628,71
91651,71
91674,70
91697,69
91720,69
91743,70
91766,71
91789,71
91812,71
91835,71
91858,71
91881,71
91904,71
91927,71
91950,70
91973,68
91996,78
92019,67
92042,67
92065,67
92088,66
92111,67
92134,67
92157,68
92180,67
92203,67
92226,67
92249,67
92272,67
92295,67
92318,67
92341,72
92364,72
92387,77
92410,64
92433,72
92456,84
92479,-1
92502,-1
92525,-1
92548,-1
92571,-1
92594,-1
92617,-1
92640,-1
92663,-1
92686,-1
92709,-1
92732,-1
92755,-1
92778,-1
92801,-1
92824,-1
92847,-1
92870,-1
92893,-1
92916,-1
92939,-1
92961,-1
92984,67
93007,68
93030,67
93053,67
93076,67
93099,67
93122,67
93145,66
93168,63
93191,60
93214,82
93237,66
93260,68
93283,69
93306,69
93329,70
93352,71
93375,71
93398,71
93421,71
93444,70
93467,70
93490,71
93513,72
93536,72
93559,72
93582,72
93605,72
93628,72
93651,72
93674,72
93697,72
93720,71
93743,70
93766,70
93789,70
93812,69
93835,70
93858,70
93881,71
93904,71
93927,71
93950,71
93973,70
93996,70
94019,67
94042,67
94065,67
94088,67
94111,67
94134,66
94157,67
94180,67
94203,67
94226,67
94249,67
94272,67
94295,67
94318,67
94341,68
94364,56
94387,70
94410,63
94433,-1
94456,-1
94479,-1
94502,-1
94525,-1
94548,-1
94571,-1
94594,-1
94617,-1
94640,-1
94663,-1
94686,-1
94709,-1
94732,-1
94755,-1
94778,-1
94801,-1
94824,-1
94847,-1
94870,-1
94893,-1
94916,71
94939,71
94962,81
94985,73
95008,73
95031,67
95054,67
95077,67
95100,67
95123,65
95146,-1
95169,-1
95192,81
95215,84
95238,81
95261,81
95284,83
95307,70
95330,69
95353,69
95376,70
95399,70
95422,71
95445,70
95468,70
95491,70
95514,69
95537,69
95560,69
95583,69
95606,69
95629,69
95652,69
95675,69
95698,69
95721,69
95744,68
95767,67
95790,67
95813,68
95836,69
95859,69
95882,69
95905,69
95928,69
95951,69
95974,66
95997,65
96020,67
96043,67
96066,67
96089,67
96112,67
96135,67
96158,68
96181,67
96204,67
96227,67
96250,67
96273,67
96296,-1
96319,-1
96341,-1
96364,-1
96387,-1
96410,-1
96433,-1
96456,-1
96479,-1
96502,-1
96525,-1
96548,-1
96571,-1
96594,-1
96617,-1
96640,-1
96663,-1
96686,-1
96709,-1
96732,-1
96755,66
96778,65
96801,65
96824,66
96847,67
96870,67
96893,67
96916,67
96939,67
96962,67
96985,67
97008,67
97031,-1
97054,71
97077,57
97100,71
97123,-1
97146,84
97169,67
97192,71
97215,77
97238,63
97261,44
97284,69
97307,74
97330,74
97353,59
97376,59
97399,59
97422,-1
97445,-1
97468,60
97491,61
97514,62
97537,62
97560,62
97583,62
97606,64
97629,65
97652,67
97675,67
97698,67
97721,67
97744,-1
97767,-1
97790,-1
97813,83
97836,59
97859,58
97882,58
97905,63
97928,63
97951,82
97974,62
97997,62
98020,62
98043,62
98066,62
98089,62
98112,62
98135,62
98158,62
98181,62
98204,62
98227,62
98250,62
98273,-1
98296,-1
98319,-1
98342,-1
98365,-1
98388,-1
98411,-1
98434,-1
98457,-1
98480,-1
98503,-1
98526,-1
98549,-1
98572,-1
98595,-1
98618,-1
98641,-1
98664,-1
98687,-1
98710,-1
98733,-1
98756,-1
98779,-1
98802,-1
98825,-1
98848,-1
98871,-1
98894,-1
98917,-1
98940,-1
98963,-1
98986,-1
99009,-1
99032,-1
99055,-1
99078,-1
99101,-1
99124,-1
99147,-1
99170,-1
99193,-1
99216,-1
99239,-1
99262,74
99285,59
99308,59
99331,59
99354,59
99377,58
99400,-1
99423,82
99446,62
99469,48
99492,65
99515,62
99538,62
99561,61
99584,58
99607,57
99630,57
99653,58
99676,58
99699,84
99721,74
99744,69
99767,70
99790,70
99813,69
99836,70
99859,70
99882,71
99905,71
99928,71
99951,71
99974,71
99997,71
100020,71
100043,71
100066,71
100089,71
100112,71
100135,71
100158,71
100181,71
100204,71
100227,71
100250,71
100273,71
100296,71
100319,71
100342,82
100365,-1
100388,-1
100411,-1
100434,-1
100457,66
100480,68
100503,67
100526,66
100549,67
100572,67
100595,68
100618,67
100641,67
100664,67
100687,77
100710,83
100733,-1
100756,-1
100779,-1
100802,-1
100825,-1
100848,-1
100871,-1
100894,-1
100917,-1
100940,-1
100963,-1
100986,65
101009,66
101032,67
101055,67
101078,67
101101,67
101124,68
101147,65
101170,62
101193,65
101216,66
101239,67
101262,70
101285,69
101308,70
101331,71
101354,71
101377,71
101400,71
101423,67
101446,72
101469,70
101492,72
101515,72
101538,72
101561,72
101584,72
101607,72
101630,72
101653,72
101676,71
101699,71
101722,70
101745,70
101768,70
101791,69
101814,81
101837,71
101860,71
101883,71
101906,71
101929,71
101952,69
101975,68
101998,66
102021,67
102044,67
102067,67
102090,67
102113,67
102136,67
102159,67
102182,67
102205,79
102228,-1
102251,84
102274,67
102297,77
102320,76
102343,70
102366,68
102389,68
102412,-1
102435,-1
102458,-1
102481,-1
102504,-1
102527,-1
102550,-1
102573,-1
102596,-1
102619,-1
102642,-1
102665,-1
102688,-1
102711,-1
102734,-1
102757,-1
102780,-1
102803,-1
102826,-1
102849,-1
102872,-1
102895,-1
102918,78
102941,82
102964,54
102987,75
103010,80
103033,67
103056,67
103079,67
103101,68
103124,-1
103147,-1
103170,-1
103193,-1
103216,-1
103239,-1
103262,-1
103285,71
103308,70
103331,70
103354,70
103377,70
103400,71
103423,71
103446,71
103469,70
103492,70
103515,69
103538,69
103561,69
103584,69
103607,69
103630,69
103653,69
103676,69
103699,69
103722,69
103745,68
103768,67
103791,67
103814,80
103837,71
103860,69
103883,69
103906,69
103929,-1
103952,-1
103975,66
103998,66
104021,67
104044,67
104067,67
104090,67
104113,67
104136,68
104159,68
104182,67
104205,67
104228,67
104251,67
104274,67
104297,-1
104320,-1
104343,-1
104366,-1
104389,-1
104412,-1
104435,-1
104458,-1
104481,-1
104504,-1
104527,-1
104550,-1
104573,-1
104596,-1
104619,-1
104642,-1
104665,-1
104688,72
104711,82
104734,82
104757,66
104780,66
104803,66
104826,65
104849,66
104872,66
104895,67
104918,67
104941,67
104964,67
104987,67
105010,67
105033,67
105056,67
105079,67
105102,67
105125,75
105148,65
105171,-1
105194,-1
105217,76
105240,75
105263,59
105286,59
105309,59
105332,58
105355,-1
105378,76
105401,61
105424,62
105447,62
105470,61
105493,59
105516,80
105539,82
105562,-1
105585,67
105608,67
105631,67
105654,67
105677,67
105700,67
105723,67
105746,67
105769,-1
105792,-1
105815,-1
105838,59
105861,60
105884,62
105907,62
105930,62
105953,62
105976,62
105999,62
106022,62
106045,62
106068,62
106091,62
106114,62
106137,62
106160,62
106183,62
106206,62
106229,62
106252,62
106275,-1
106298,-1
106321,-1
106344,-1
106367,-1
106390,-1
106413,-1
106436,-1
106459,-1
106481,-1
106504,-1
106527,-1
106550,-1
106573,-1
106596,-1
106619,-1
106642,-1
106665,-1
106688,-1
106711,-1
106734,-1
106757,-1
106780,-1
106803,-1
106826,-1
106849,-1
106872,-1
106895,-1
106918,-1
106941,-1
106964,-1
106987,58
107010,58
107033,59
107056,59
107079,59
107102,59
107125,59
107148,59
107171,59
107194,59
107217,59
107240,59
107263,59
107286,59
107309,69
107332,60
107355,-1
107378,62
107401,62
107424,62
107447,-1
107470,-1
107493,-1
107516,-1
107539,-1
107562,84
107585,52
107608,82
107631,71
107654,71
107677,70
107700,69
107723,69
107746,70
107769,71
107792,71
107815,71
107838,71
107861,71
107884,71
107907,71
107930,70
107953,70
107976,79
107999,84
108022,66
108045,67
108068,67
108091,66
108114,67
108137,67
108160,68
108183,67
108206,67
108229,67
108252,67
108275,67
108298,67
108321,55
108344,76
108367,63
108390,77
108413,60
108436,69
108459,72
108482,-1
108505,-1
108528,-1
108551,-1
108574,-1
108597,-1
108620,-1
108643,-1
108666,-1
108689,-1
108712,-1
108735,-1
108758,-1
108781,-1
108804,-1
108827,-1
108850,-1
108873,-1
108896,-1
108919,-1
108942,-1
108965,-1
108988,68
109011,68
109034,67
109057,67
109080,67
109103,67
109126,67
109149,66
109172,63
109195,59
109218,71
109241,66
109264,69
109287,69
109310,69
109333,70
109356,71
109379,71
109402,71
109425,71
109448,70
109471,70
109494,71
109517,72
109540,72
109563,72
109586,72
109609,72
109632,72
109655,72
109678,72
109701,71
109724,71
109747,70
109770,70
109793,81
109816,74
109839,70
109861,70
109884,71
109907,71
109930,71
109953,71
109976,70
109999,70
110022,67
110045,67
110068,67
110091,79
110114,67
110137,67
110160,67
110183,67
110206,67
110229,67
110252,79
110275,67
110298,78
110321,-1
110344,-1
110367,65
110390,70
110413,81
110436,-1
110459,-1
110482,-1
110505,-1
110528,-1
110551,-1
110574,-1
110597,-1
110620,-1
110643,-1
110666,-1
110689,-1
110712,-1
110735,-1
110758,-1
110781,-1
110804,-1
110827,-1
110850,-1
110873,-1
110896,-1
110919,72
110942,58
110965,74
110988,58
111011,74
111034,67
111057,67
111080,67
111103,67
111126,-1
111149,-1
111172,-1
111195,82
111218,76
111241,83
111264,81
111287,84
111310,69
111333,69
111356,69
111379,70
111402,70
111425,71
111448,71
111471,70
111494,69
111517,69
111540,69
111563,69
111586,69
111609,69
111632,69
111655,69
111678,69
111701,69
111724,69
111747,68
111770,67
111793,67
111816,68
111839,69
111862,69
111885,69
111908,69
111931,69
111954,69
111977,66
112000,66
112023,67
112046,67
112069,67
112092,67
112115,67
112138,68
112161,68
112184,67
112207,67
112230,67
112253,67
112276,67
112299,-1
112322,-1
112345,-1
112368,-1
112391,-1
112414,-1
112437,-1
112460,-1
112483,-1
112506,-1
112529,-1
112552,-1
112575,-1
112598,-1
112621,-1
112644,-1
112667,-1
112690,-1
112713,-1
112736,-1
112759,65
112782,66
112805,66
112828,65
112851,66
112874,67
112897,67
112920,67
112943,67
112966,67
112989,67
113012,67
113035,67
113058,67
113081,67
113104,67
113127,67
113150,66
113173,76
113196,75
113219,79
113241,59
113264,60
113287,59
113310,58
113333,59
113356,59
113379,59
113402,59
113425,59
113448,56
113471,-1
113494,62
113517,64
113540,63
113563,61
113586,-1
113609,84
113632,83
113655,67
113678,67
113701,67
113724,66
113747,66
113770,64
113793,63
113816,-1
113839,-1
113862,66
113885,67
113908,65
113931,61
113954,59
113977,57
114000,60
114023,62
114046,62
114069,62
114092,62
114115,62
114138,62
114161,62
114184,62
114207,62
114230,62
114253,62
114276,62
114299,62
114322,62
114345,62
114368,62
114391,62
114414,62
114437,62
114460,62
114483,62
114506,62
114529,62
114552,62
114575,62
114598,62
114621,62
114644,62
114667,62
114690,81
114713,78
114736,-1
114759,-1
114782,-1
114805,-1
114828,-1
114851,-1
114874,-1
114897,-1
114920,-1
114943,-1
114966,-1
114989,-1
115012,-1
115035,-1
115058,-1
115081,-1
115104,-1
115127,-1
115150,70
115173,66
115196,49
115219,81
115242,59
115265,59
115288,59
115311,59
115334,59
115357,59
115380,59
115403,59
115426,59
115449,59
115472,60
115495,61
115518,62
115541,62
115564,59
115587,-1
115610,-1
115633,76
115656,67
115679,76
115702,72
115725,78
115748,68
115771,69
115794,71
115817,70
115840,70
115863,70
115886,71
115909,71
115932,71
115955,71
115978,71
116001,71
116024,71
116047,71
116070,71
116093,71
116116,71
116139,71
116162,71
116185,71
116208,71
116231,71
116254,71
116277,71
116300,-1
116323,-1
116346,-1
116369,-1
116392,-1
116415,-1
116438,-1
116461,-1
116484,67
116507,67
116530,67
116553,67
116576,67
116599,67
116621,67
116644,68
116667,67
116690,67
116713,66
116736,66
116759,66
116782,-1
116805,-1
116828,-1
116851,-1
116874,-1
116897,-1
116920,-1
116943,-1
116966,-1
116989,-1
117012,67
117035,67
117058,67
117081,67
117104,67
117127,68
117150,68
117173,65
117196,83
117219,65
117242,70
117265,70
117288,73
117311,69
117334,70
117357,71
117380,71
117403,71
117426,71
117449,70
117472,70
117495,71
117518,72
117541,72
117564,72
117587,72
117610,72
117633,72
117656,72
117679,72
117702,72
117725,71
117748,70
117771,70
117794,70
117817,69
117840,69
117863,70
117886,71
117909,71
117932,71
117955,71
117978,70
118001,69
118024,68
118047,65
118070,66
118093,67
118116,67
118139,67
118162,67
118185,67
118208,67
118231,67
118254,67
118277,67
118300,67
118323,67
118346,67
118369,67
118392,-1
118415,-1
118438,-1
118461,-1
118484,-1
118507,-1
118530,-1
118553,-1
118576,-1
118599,-1
118622,-1
118645,-1
118668,-1
118691,-1
118714,-1
118737,-1
118760,-1
118783,-1
118806,-1
118829,-1
118852,-1
118875,-1
118898,-1
118921,80
118944,52
118967,79
118990,79
119013,68
119036,67
119059,67
119082,67
119105,67
119128,-1
119151,-1
119174,79
119197,83
119220,71
119243,81
119266,-1
119289,72
119312,70
119335,70
119358,70
119381,70
119404,71
119427,71
119450,71
119473,70
119496,70
119519,69
119542,69
119565,69
119588,69
119611,69
119634,69
119657,69
119680,69
119703,69
119726,69
119749,67
119772,67
119795,67
119818,68
119841,68
119864,69
119887,69
119910,69
119933,69
119956,68
119979,66
120001,67
120024,67
120047,67
120070,67
120093,67
120116,67
120139,68
120162,68
120185,67
120208,67
120231,67
120254,67
120277,67
120300,-1
120323,-1
120346,-1
120369,-1
120392,-1
120415,-1
120438,-1
120461,-1
120484,60
120507,59
120530,-1
120553,-1
120576,-1
120599,-1
120622,-1
120645,-1
120668,-1
120691,-1
120714,-1
120737,70
120760,70
120783,69
120806,69
120829,70
120852,71
120875,71
120898,71
120921,71
120944,70
120967,70
120990,70
121013,70
121036,69
121059,69
121082,69
121105,68
121128,-1
121151,-1
121174,-1
121197,64
121220,79
121243,69
121266,70
121289,69
121312,69
121335,69
121358,69
121381,69
121404,69
121427,69
121450,69
121473,67
121496,66
121519,67
121542,67
121565,67
121588,67
121611,67
121634,67
121657,64
121680,64
121703,65
121726,80
121749,68
121772,68
121795,67
121818,67
121841,67
121864,67
121887,67
121910,67
121933,67
121956,67
121979,66
122002,64
122025,63
122048,81
122071,62
122094,63
122117,64
122140,64
122163,64
122186,64
122209,76
122232,63
122255,62
122278,62
122301,62
122324,62
122347,62
122370,62
122393,-1
122416,-1
122439,73
122462,-1
122485,-1
122508,75
122531,74
122554,-1
122577,-1
122600,-1
122623,-1
122646,-1
122669,-1
122692,-1
122715,-1
122738,-1
122761,-1
122784,-1
122807,-1
122830,-1
122853,-1
122876,-1
122899,-1
122922,-1
122945,-1
122968,83
122991,61
123014,62
123037,62
123060,61
123083,61
123106,65
123129,70
123152,77
123175,62
123198,66
123221,-1
123244,67
123267,67
123290,67
123313,67
123336,67
123359,68
123381,69
123404,69
123427,69
123450,69
123473,69
123496,69
123519,69
123542,69
123565,69
123588,69
123611,69
123634,69
123657,64
123680,63
123703,41
123726,-1
123749,67
123772,67
123795,67
123818,66
123841,73
123864,74
123887,68
123910,67
123933,67
123956,67
123979,67
124002,67
124025,67
124048,67
124071,67
124094,67
124117,66
124140,67
124163,67
124186,67
124209,67
124232,67
124255,-1
124278,-1
124301,-1
124324,-1
124347,-1
124370,-1
124393,-1
124416,-1
124439,-1
124462,-1
124485,-1
124508,62
124531,62
124554,62
124577,62
124600,62
124623,62
124646,62
124669,62
124692,62
124715,62
124738,63
124761,62
124784,62
124807,62
124830,61
124853,-1
124876,-1
124899,-1
124922,-1
124945,-1
124968,-1
124991,-1
125014,63
125037,62
125060,60
125083,-1
125106,-1
125129,81
125152,82
125175,79
125198,60
125221,63
125244,77
125267,67
125290,67
125313,67
125336,67
125359,68
125382,69
125405,69
125428,69
125451,69
125474,69
125497,69
125520,69
125543,69
125566,69
125589,67
125612,62
125635,61
125658,-1
125681,75
125704,64
125727,67
125750,67
125773,67
125796,67
125819,67
125842,67
125865,67
125888,67
125911,67
125934,67
125957,67
125980,67
126003,67
126026,67
126049,67
126072,67
126095,67
126118,-1
126141,-1
126164,-1
126187,-1
126210,-1
126233,-1
126256,-1
126279,-1
126302,-1
126325,-1
126348,-1
126371,-1
126394,-1
126417,-1
126440,-1
126463,-1
126486,-1
126509,-1
126532,-1
126555,-1
126578,-1
126601,-1
126624,-1
126647,-1
126670,-1
126693,-1
126716,-1
126739,-1
126761,-1
126784,-1
126807,-1
126830,-1
126853,-1
126876,-1
126899,-1
126922,-1
126945,48
126968,84
126991,60
127014,62
127037,61
127060,61
127083,61
127106,77
127129,59
127152,58
127175,83
127198,53
127221,69
127244,68
127267,67
127290,67
127313,67
127336,68
127359,69
127382,69
127405,69
127428,69
127451,69
127474,69
127497,69
127520,67
127543,66
127566,-1
127589,67
127612,70
127635,65
127658,81
127681,76
127704,71
127727,71
127750,68
127773,67
127796,67
127819,68
127842,69
127865,70
127888,69
127911,69
127934,69
127957,69
127980,69
128003,69
128026,69
128049,69
128072,69
128095,-1
128118,-1
128141,-1
128164,-1
128187,-1
128210,70
128233,67
128256,67
128279,67
128302,66
128325,67
128348,67
128371,68
128394,67
128417,67
128440,67
128463,-1
128486,-1
128509,68
128532,68
128555,67
128578,67
128601,64
128624,-1
128647,-1
128670,-1
128693,51
128716,69
128739,-1
128762,69
128785,69
128808,69
128831,69
128854,69
128877,71
128900,71
128923,71
128946,71
128969,70
128992,70
129015,69
129038,69
129061,69
129084,69
129107,69
129130,-1
129153,-1
129176,-1
129199,79
129222,75
129245,68
129268,70
129291,70
129314,69
129337,69
129360,69
129383,69
129406,69
129429,69
129452,68
129475,67
129498,67
129521,67
129544,67
129567,67
129590,67
129613,67
129636,67
129659,64
129682,64
129705,67
129728,53
129751,67
129774,68
129797,67
129820,67
129843,67
129866,67
129889,67
129912,67
129935,67
129958,67
129981,66
130004,65
130027,82
130050,62
130073,62
130096,63
130119,63
130141,64
130164,64
130187,64
130210,64
130233,63
130256,62
130279,62
130302,62
130325,62
130348,62
130371,-1
130394,-1
130417,62
130440,73
130463,-1
130486,-1
130509,-1
130532,-1
130555,-1
130578,-1
130601,-1
130624,-1
130647,-1
130670,-1
130693,-1
130716,-1
130739,-1
130762,-1
130785,-1
130808,-1
130831,-1
130854,-1
130877,-1
130900,-1
130923,-1
130946,61
130969,51
130992,80
131015,54
131038,73
131061,57
131084,56
131107,75
131130,67
131153,64
131176,83
131199,69
131222,-1
131245,68
131268,68
131291,67
131314,67
131337,69
131360,69
131383,69
131406,69
131429,69
131452,69
131475,69
131498,69
131521,69
131544,69
131567,69
131590,69
131613,68
131636,-1
131659,-1
131682,66
131705,65
131728,67
131751,67
131774,67
131797,66
131820,67
131843,68
131866,67
131889,67
131912,67
131935,67
131958,67
131981,67
132004,67
132027,67
132050,-1
132073,-1
132096,-1
132119,-1
132142,-1
132165,-1
132188,-1
132211,-1
132234,-1
132257,-1
132280,-1
132303,-1
132326,-1
132349,-1
132372,-1
132395,-1
132418,-1
132441,-1
132464,-1
132487,-1
132510,-1
132533,-1
132556,-1
132579,-1
132602,-1
132625,-1
132648,-1
132671,62
132694,62
132717,62
132740,62
132763,62
132786,62
132809,62
132832,-1
132855,-1
132878,83
132901,75
132924,79
132947,69
132970,84
132993,61
133016,63
133039,62
133062,61
133085,62
133108,62
133131,62
133154,62
133177,62
133200,62
133223,63
133246,64
133269,66
133292,67
133315,67
133338,67
133361,68
133384,69
133407,69
133430,69
133453,69
133476,69
133499,69
133521,69
133544,69
133567,69
133590,69
133613,69
133636,69
133659,69
133682,64
133705,61
133728,65
133751,68
133774,68
133797,67
133820,67
133843,67
133866,68
133889,67
133912,67
133935,67
133958,67
133981,67
134004,67
134027,67
134050,67
134073,67
134096,67
134119,66
134142,-1
134165,-1
134188,-1
134211,-1
134234,-1
134257,-1
134280,-1
134303,-1
134326,-1
134349,-1
134372,-1
134395,-1
134418,-1
134441,-1
134464,-1
134487,-1
134510,74
134533,74
134556,-1
134579,62
134602,62
134625,62
134648,62
134671,62
134694,62
134717,62
134740,62
134763,62
134786,-1
134809,-1
134832,-1
134855,-1
134878,-1
134901,-1
134924,-1
134947,-1
134970,-1
134993,-1
135016,-1
135039,-1
135062,-1
135085,-1
135108,-1
135131,-1
135154,-1
135177,-1
135200,-1
135223,-1
135246,67
135269,-1
135292,-1
135315,-1
135338,69
135361,69
135384,69
135407,69
135430,69
135453,69
135476,69
135499,69
135522,69
135545,68
135568,-1
135591,-1
135614,-1
135637,-1
135660,-1
135683,-1
135706,-1
135729,-1
135752,-1
135775,68
135798,68
135821,68
135844,69
135867,69
135890,69
135913,69
135936,69
135959,69
135982,69
136005,69
136028,69
136051,69
136074,69
136097,69
136120,69
136143,-1
136166,-1
136189,-1
136212,68
136235,68
136258,67
136281,67
136304,67
136327,67
136350,67
136373,67
136396,67
136419,67
136442,67
136465,67
136488,67
136511,67
136534,66
136557,67
136580,67
136603,67
136626,67
136649,67
136672,-1
136695,-1
136718,67
136741,67
136764,-1
136787,-1
136810,-1
136833,-1
136856,-1
136879,-1
136901,-1
136924,-1
136947,-1
136970,-1
136993,-1
137016,80
137039,67
137062,67
137085,67
137108,67
137131,67
137154,67
137177,67
137200,67
137223,67
137246,67
137269,67
137292,67
137315,66
137338,67
137361,67
137384,67
137407,67
137430,67
137453,68
137476,67
137499,66
137522,66
137545,66
137568,62
137591,74
137614,67
137637,67
137660,67
137683,74
137706,74
137729,74
137752,67
137775,67
137798,-1
137821,-1
137844,79
137867,-1
137890,79
137913,79
137936,67
137959,67
137982,67
138005,67
138028,79
138051,67
138074,67
138097,79
138120,79
138143,79
138166,67
138189,-1
138212,67
138235,67
138258,67
138281,67
138304,67
138327,67
138350,67
138373,67
138396,67
138419,67
138442,67
138465,67
138488,67
138511,67
138534,67
138557,67
138580,67
138603,67
138626,67
138649,67
138672,67
138695,67
138718,67
138741,67
138764,67
138787,67
138810,66
138833,67
138856,67
138879,67
138902,67
138925,67
138948,-1
138971,67
138994,67
139017,67
139040,67
139063,66
139086,67
139109,67
139132,67
139155,67
139178,67
139201,67
139224,67
139247,67
139270,67
139293,67
139316,67
139339,67
139362,67
139385,67
139408,67
139431,67
139454,67
139477,67
139500,67
139523,67
139546,67
139569,66
139592,67
139615,67
139638,67
139661,67
139684,67
139707,67
139730,67
139753,67
139776,67
139799,67
139822,67
139845,67
139868,67
139891,67
139914,67
139937,67
139960,67
139983,67
140006,67
140029,67
140052,67
140075,67
140098,67
140121,67
140144,67
140167,67
140190,67
140213,67
140236,67
140259,67
140281,67
140304,66
140327,67
140350,67
140373,67
140396,67
140419,67
140442,67
140465,67
140488,67
140511,67
140534,79
140557,67
140580,67
140603,74
140626,67
140649,74
140672,74
140695,74
140718,74
140741,67
140764,67
140787,74
140810,74
140833,74
140856,74
140879,74
140902,74
140925,74
140948,74
140971,74
140994,74
141017,67
141040,67
141063,66
141086,67
141109,67
141132,79
141155,67
141178,-1
141201,-1
141224,-1
141247,-1
141270,68
141293,67
141316,67
141339,67
141362,74
141385,67
141408,67
141431,74
141454,74
141477,74
141500,67
141523,67
141546,67
141569,-1
141592,-1
141615,-1
141638,74
141661,74
141684,74
141707,74
141730,74
141753,-1
141776,-1
141799,-1
141822,-1
141845,-1
141868,-1
141891,-1
141914,-1
141937,-1
141960,-1
141983,-1
142006,-1
142029,-1
142052,-1
142075,-1
142098,-1
142121,-1
142144,-1
142167,-1
142190,-1
142213,-1
142236,-1
142259,-1
142282,-1
142305,-1
142328,-1
142351,-1
142374,-1
142397,-1
142420,-1
142443,-1
142466,-1
142489,-1
142512,-1
142535,-1
142558,-1
142581,-1
142604,-1
142627,-1
142650,-1
142673,-1
142696,-1
142719,-1
142742,-1
142765,-1
142788,-1
142811,-1
142834,-1
142857,-1
142880,-1
142903,-1
142926,-1
142949,-1
142972,-1
142995,-1
143018,-1
143041,-1
143064,-1
143087,-1
143110,-1
143133,-1
143156,-1
143179,-1
143202,-1
143225,-1
143248,-1
143271,-1
143294,-1
143317,-1
143340,-1
143363,-1
143386,-1
143409,-1
143432,-1
143455,-1
143478,-1
143501,-1
143524,-1
143547,-1
143570,-1
143593,-1
143616,-1
143639,-1
143661,-1
143684,-1
143707,-1
143730,-1
143753,-1
143776,-1
143799,-1
143822,-1
143845,-1
143868,-1
143891,-1
143914,-1
143937,-1
143960,-1
143983,-1
144006,-1
144029,-1
144052,-1
144075,-1
144098,-1
144121,-1
144144,-1
144167,-1
144190,-1
144213,-1
144236,-1
144259,-1
144282,-1
144305,-1
144328,-1
144351,-1
144374,-1
144397,-1
144420,-1
144443,-1
144466,-1
144489,-1
144512,-1
144535,-1
144558,-1
144581,-1
144604,-1
144627,-1
144650,-1
144673,-1
144696,-1
144719,65
144742,80
144765,66
144788,65
144811,66
144834,66
144857,67
144880,67
144903,67
144926,67
144949,67
144972,67
144995,67
145018,67
145041,81
145064,71
145087,49
145110,84
145133,82
145156,66
145179,67
145202,77
145225,81
145248,80
145271,59
145294,58
145317,58
145340,59
145363,58
145386,59
145409,57
145432,-1
145455,59
145478,60
145501,62
145524,62
145547,62
145570,62
145593,63
145616,64
145639,66
145662,67
145685,67
145708,67
145731,67
145754,67
145777,-1
145800,76
145823,58
145846,59
145869,58
145892,60
145915,63
145938,63
145961,63
145984,62
146007,62
146030,62
146053,62
146076,62
146099,62
146122,62
146145,62
146168,62
146191,62
146214,62
146237,62
146260,64
146283,-1
146306,-1
146329,-1
146352,-1
146375,-1
146398,-1
146421,-1
146444,-1
146467,-1
146490,-1
146513,-1
146536,-1
146559,-1
146582,-1
146605,-1
146628,-1
146651,-1
146674,-1
146697,-1
146720,-1
146743,-1
146766,-1
146789,-1
146812,-1
146835,-1
146858,-1
146881,-1
146904,-1
146927,-1
146950,-1
146973,-1
146996,-1
147019,-1
147041,-1
147064,-1
147087,-1
147110,-1
147133,-1
147156,-1
147179,-1
147202,-1
147225,-1
147248,74
147271,59
147294,59
147317,59
147340,59
147363,59
147386,42
147409,84
147432,69
147455,64
147478,69
147501,62
147524,62
147547,62
147570,60
147593,58
147616,57
147639,57
147662,58
147685,58
147708,84
147731,67
147754,69
147777,70
147800,69
147823,69
147846,70
147869,71
147892,71
147915,71
147938,71
147961,71
147984,71
148007,71
148030,71
148053,71
148076,71
148099,71
148122,71
148145,71
148168,71
148191,71
148214,71
148237,71
148260,71
148283,71
148306,71
148329,71
148352,-1
148375,-1
148398,-1
148421,-1
148444,66
148467,67
148490,67
148513,67
148536,66
148559,67
148582,67
148605,67
148628,67
148651,67
148674,67
148697,66
148720,66
148743,66
148766,62
148789,-1
148812,-1
148835,-1
148858,-1
148881,-1
148904,-1
148927,-1
148950,-1
148973,65
148996,66
149019,67
149042,67
149065,66
149088,67
149111,68
149134,68
149157,65
149180,65
149203,66
149226,67
149249,70
149272,70
149295,70
149318,70
149341,71
149364,71
149387,71
149410,69
149433,57
149456,69
149479,71
149502,72
149525,72
149548,72
149571,72
149594,72
149617,72
149640,72
149663,71
149686,70
149709,70
149732,70
149755,70
149778,69
149801,69
149824,70
149847,71
149870,71
149893,71
149916,71
149939,70
149962,69
149985,67
150008,67
150031,67
150054,67
150077,67
150100,67
150123,67
150146,67
150169,67
150192,67
150215,67
150238,67
150261,67
150284,70
150307,65
150330,84
150353,80
150376,78
150399,54
150421,71
150444,-1
150467,-1
150490,-1
150513,-1
150536,-1
150559,-1
150582,-1
150605,-1
150628,-1
150651,-1
150674,-1
150697,-1
150720,-1
150743,-1
150766,-1
150789,-1
150812,-1
150835,-1
150858,-1
150881,-1
150904,77
150927,65
150950,74
150973,69
150996,72
151019,56
151042,67
151065,67
151088,67
151111,67
151134,65
151157,-1
151180,68
151203,83
151226,82
151249,73
151272,83
151295,65
151318,70
151341,70
151364,70
151387,70
151410,71
151433,71
151456,71
151479,70
151502,69
151525,69
151548,69
151571,69
151594,69
151617,69
151640,69
151663,69
151686,69
151709,69
151732,68
151755,68
151778,67
151801,67
151824,68
151847,69
151870,69
151893,69
151916,69
151939,69
151962,68
151985,66
152008,66
152031,67
152054,67
152077,67
152100,67
152123,67
152146,68
152169,67
152192,67
152215,67
152238,67
152261,67
152284,67
152307,-1
152330,-1
152353,-1
152376,-1
152399,-1
152422,-1
152445,-1
152468,-1
152491,-1
152514,-1
152537,-1
152560,-1
152583,-1
152606,-1
152629,-1
152652,-1
152675,-1
152698,77
152721,61
152744,77
152767,66
152790,66
152813,66
152836,65
152859,66
152882,66
152905,67
152928,67
152951,67
152974,67
152997,67
153020,67
153043,67
153066,67
153089,67
153112,68
153135,75
153158,-1
153181,-1
153204,71
153227,76
153250,75
153273,59
153296,59
153319,58
153342,57
153365,80
153388,84
153411,62
153434,62
153457,62
153480,59
153503,67
153526,76
153549,-1
153572,64
153595,67
153618,67
153641,67
153664,67
153687,67
153710,67
153733,78
153756,-1
153779,-1
153801,-1
153824,-1
153847,59
153870,61
153893,62
153916,62
153939,62
153962,62
153985,62
154008,62
154031,62
154054,62
154077,62
154100,62
154123,62
154146,62
154169,62
154192,62
154215,62
154238,62
154261,-1
154284,-1
154307,-1
154330,-1
154353,-1
154376,-1
154399,-1
154422,-1
154445,-1
154468,-1
154491,-1
154514,-1
154537,-1
154560,-1
154583,-1
154606,-1
154629,-1
154652,-1
154675,-1
154698,-1
154721,-1
154744,-1
154767,-1
154790,-1
154813,-1
154836,-1
154859,-1
154882,-1
154905,-1
154928,-1
154951,-1
154974,-1
154997,58
155020,59
155043,59
155066,59
155089,59
155112,59
155135,59
155158,59
155181,59
155204,59
155227,59
155250,59
155273,59
155296,59
155319,68
155342,84
155365,63
155388,62
155411,62
155434,61
155457,78
155480,82
155503,82
155526,-1
155549,-1
155572,84
155595,82
155618,81
155641,71
155664,70
155687,69
155710,69
155733,69
155756,71
155779,71
155802,71
155825,71
155848,71
155871,71
155894,71
155917,71
155940,70
155963,52
155986,55
156009,57
156032,67
156055,67
156078,67
156101,66
156124,67
156147,68
156170,67
156193,67
156216,67
156239,67
156262,67
156285,67
156308,84
156331,70
156354,65
156377,67
156400,61
156423,66
156446,59
156469,-1
156492,-1
156515,-1
156538,-1
156561,-1
156584,-1
156607,-1
156630,-1
156653,-1
156676,-1
156699,-1
156722,-1
156745,-1
156768,-1
156791,-1
156814,-1
156837,-1
156860,-1
156883,-1
156906,-1
156929,-1
156952,-1
156975,66
156998,68
157021,67
157044,67
157067,67
157090,67
157113,67
157136,66
157159,65
157181,60
157204,58
157227,66
157250,67
157273,69
157296,69
157319,69
157342,71
157365,71
157388,71
157411,71
157434,70
157457,69
157480,70
157503,72
157526,72
157549,72
157572,72
157595,72
157618,72
157641,72
157664,72
157687,72
157710,71
157733,70
157756,70
157779,81
157802,81
157825,70
157848,70
157871,71
157894,71
157917,71
157940,71
157963,71
157986,70
158009,69
158032,67
158055,67
158078,67
158101,79
158124,66
158147,67
158170,67
158193,67
158216,67
158239,67
158262,79
158285,66
158308,66
158331,68
158354,68
158377,66
158400,66
158423,81
158446,-1
158469,-1
158492,-1
158515,-1
158538,-1
158561,-1
158584,-1
158607,-1
158630,-1
158653,-1
158676,-1
158699,-1
158722,-1
158745,-1
158768,-1
158791,-1
158814,-1
158837,-1
158860,-1
158883,-1
158906,61
158929,71
158952,66
158975,-1
158998,73
159021,67
159044,67
159067,67
159090,67
159113,67
159136,-1
159159,-1
159182,-1
159205,82
159228,82
159251,81
159274,81
159297,82
159320,69
159343,69
159366,70
159389,70
159412,71
159435,71
159458,70
159481,70
159504,69
159527,69
159550,69
159573,69
159596,69
159619,69
159642,69
159665,69
159688,69
159711,69
159734,68
159757,68
159780,67
159803,67
159826,68
159849,69
159872,69
159895,69
159918,69
159941,69
159964,68
159987,66
160010,66
160033,67
160056,67
160079,67
160102,67
160125,67
160148,68
160171,67
160194,67
160217,67
160240,67
160263,67
160286,-1
160309,-1
160332,-1
160355,-1
160378,-1
160401,-1
160424,-1
160447,-1
160470,-1
160493,-1
160516,-1
160539,-1
160561,-1
160584,-1
160607,-1
160630,-1
160653,-1
160676,-1
160699,-1
160722,-1
160745,75
160768,66
160791,66
160814,66
160837,66
160860,66
160883,67
160906,67
160929,67
160952,67
160975,67
160998,67
161021,67
161044,67
161067,67
161090,67
161113,67
161136,67
161159,65
161182,82
161205,78
161228,81
161251,71
161274,60
161297,58
161320,59
161343,59
161366,59
161389,59
161412,59
161435,58
161458,-1
161481,61
161504,63
161527,64
161550,63
161573,-1
161596,83
161619,83
161642,84
161665,67
161688,67
161711,79
161734,-1
161757,-1
161780,-1
161803,-1
161826,-1
161849,65
161872,67
161895,67
161918,64
161941,61
161964,58
161987,58
162010,62
162033,62
162056,74
162079,62
162102,62
162125,62
162148,62
162171,62
162194,62
162217,62
162240,62
162263,62
162286,62
162309,62
162332,62
162355,62
162378,62
162401,62
162424,62
162447,62
162470,62
162493,62
162516,62
162539,62
162562,62
162585,62
162608,62
162631,62
162654,62
162677,-1
162700,82
162723,-1
162746,-1
162769,-1
162792,-1
162815,-1
162838,-1
162861,-1
162884,-1
162907,-1
162930,-1
162953,-1
162976,-1
162999,-1
163022,-1
163045,-1
163068,-1
163091,-1
163114,-1
163137,-1
163160,84
163183,56
163206,80
163229,60
163252,59
163275,59
163298,59
163321,59
163344,59
163367,59
163390,59
163413,59
163436,59
163459,59
163482,60
163505,61
163528,62
163551,61
163574,58
163597,-1
163620,-1
163643,78
163666,55
163689,72
163712,71
163735,54
163758,69
163781,71
163804,70
163827,69
163850,70
163873,71
163896,71
163919,71
163941,71
163964,71
163987,71
164010,71
164033,71
164056,71
164079,71
164102,71
164125,71
164148,71
164171,71
164194,71
164217,71
164240,71
164263,71
164286,-1
164309,-1
164332,-1
164355,71
164378,68
164401,73
164424,-1
164447,-1
164470,-1
164493,67
164516,67
164539,67
164562,67
164585,67
164608,67
164631,68
164654,68
164677,67
164700,67
164723,66
164746,66
164769,-1
164792,-1
164815,-1
164838,-1
164861,-1
164884,-1
164907,-1
164930,-1
164953,-1
164976,-1
164999,66
165022,67
165045,67
165068,67
165091,67
165114,67
165137,68
165160,65
165183,-1
165206,59
165229,58
165252,69
165275,70
165298,69
165321,70
165344,70
165367,71
165390,71
165413,71
165436,71
165459,69
165482,70
165505,72
165528,72
165551,72
165574,72
165597,72
165620,72
165643,72
165666,72
165689,72
165712,72
165735,71
165758,70
165781,70
165804,69
165827,69
165850,70
165873,70
165896,71
165919,71
165942,71
165965,71
165988,70
166011,69
166034,64
166057,66
166080,67
166103,67
166126,79
166149,79
166172,67
166195,67
166218,79
166241,79
166264,67
166287,67
166310,67
166333,67
166356,67
166379,66
166402,-1
166425,-1
166448,-1
166471,-1
166494,-1
166517,-1
166540,-1
166563,-1
166586,-1
166609,-1
166632,-1
166655,-1
166678,-1
166701,-1
166724,-1
166747,-1
166770,-1
166793,-1
166816,-1
166839,-1
166862,-1
166885,-1
166908,-1
166931,-1
166954,-1
166977,-1
167000,-1
167023,67
167046,67
167069,67
167092,67
167115,67
167138,-1
167161,-1
167184,80
167207,83
167230,82
167253,-1
167276,84
167299,83
167321,70
167344,70
167367,70
167390,70
167413,71
167436,71
167459,71
167482,70
167505,69
167528,69
167551,69
167574,69
167597,69
167620,69
167643,69
167666,69
167689,69
167712,69
167735,67
167758,67
167781,67
167804,67
167827,68
167850,69
167873,69
167896,69
167919,69
167942,69
167965,67
167988,67
168011,67
168034,67
168057,67
168080,67
168103,67
168126,67
168149,68
168172,67
168195,67
168218,67
168241,67
168264,67
168287,67
168310,-1
168333,-1
168356,-1
168379,-1
168402,-1
168425,-1
168448,-1
168471,-1
168494,-1
168517,-1
168540,-1
168563,-1
168586,-1
168609,-1
168632,-1
168655,-1
168678,-1
168701,-1
168724,70
168747,70
168770,69
168793,69
168816,69
168839,70
168862,71
168885,71
168908,71
168931,71
168954,70
168977,71
169000,70
169023,70
169046,69
169069,69
169092,69
169115,-1
169138,-1
169161,-1
169184,76
169207,66
169230,82
169253,70
169276,70
169299,69
169322,69
169345,69
169368,69
169391,69
169414,69
169437,69
169460,68
169483,67
169506,66
169529,67
169552,67
169575,67
169598,67
169621,67
169644,67
169667,64
169690,80
169713,80
169736,56
169759,67
169782,67
169805,67
169828,67
169851,67
169874,67
169897,67
169920,67
169943,67
169966,67
169989,65
170012,64
170035,63
170058,62
170081,62
170104,63
170127,64
170150,64
170173,64
170196,64
170219,63
170242,63
170265,62
170288,62
170311,62
170334,62
170357,62
170380,61
170403,-1
170426,-1
170449,-1
170472,-1
170495,62
170518,63
170541,62
170564,62
170587,81
170610,81
170633,62
170656,62
170679,62
170701,62
170724,62
170747,62
170770,62
170793,62
170816,62
170839,-1
170862,-1
170885,-1
170908,-1
170931,-1
170954,83
170977,-1
171000,64
171023,62
171046,62
171069,60
171092,62
171115,67
171138,81
171161,76
171184,69
171207,68
171230,67
171253,67
171276,67
171299,67
171322,67
171345,68
171368,69
171391,69
171414,69
171437,69
171460,69
171483,69
171506,69
171529,69
171552,69
171575,69
171598,69
171621,69
171644,64
171667,64
171690,62
171713,61
171736,59
171759,67
171782,67
171805,67
171828,66
171851,74
171874,68
171897,68
171920,67
171943,67
171966,67
171989,67
172012,67
172035,67
172058,67
172081,67
172104,67
172127,66
172150,66
172173,67
172196,68
172219,67
172242,-1
172265,-1
172288,-1
172311,-1
172334,-1
172357,-1
172380,-1
172403,74
172426,74
172449,-1
172472,-1
172495,-1
172518,62
172541,62
172564,62
172587,62
172610,62
172633,62
172656,62
172679,62
172702,62
172725,62
172748,63
172771,62
172794,62
172817,62
172840,60
172863,-1
172886,-1
172909,-1
172932,-1
172955,49
172978,63
173001,64
173024,62
173047,62
173070,58
173093,84
173116,81
173139,77
173162,70
173185,84
173208,56
173231,75
173254,68
173277,67
173300,67
173323,67
173346,68
173369,69
173392,69
173415,69
173438,69
173461,69
173484,69
173507,69
173530,69
173553,69
173576,68
173599,65
173622,60
173645,-1
173668,-1
173691,64
173714,68
173737,67
173760,67
173783,67
173806,67
173829,67
173852,68
173875,67
173898,67
173921,67
173944,67
173967,67
173990,67
174013,67
174036,67
174059,67
174081,67
174104,67
174127,67
174150,67
174173,-1
174196,-1
174219,-1
174242,-1
174265,-1
174288,-1
174311,-1
174334,-1
174357,-1
174380,-1
174403,-1
174426,-1
174449,-1
174472,-1
174495,-1
174518,-1
174541,-1
174564,-1
174587,-1
174610,-1
174633,-1
174656,-1
174679,-1
174702,-1
174725,-1
174748,-1
174771,-1
174794,-1
174817,-1
174840,-1
174863,-1
174886,-1
174909,-1
174932,-1
174955,60
174978,84
175001,62
175024,62
175047,60
175070,60
175093,61
175116,68
175139,81
175162,84
175185,48
175208,74
175231,69
175254,68
175277,67
175300,67
175323,67
175346,68
175369,69
175392,69
175415,69
175438,69
175461,69
175484,69
175507,68
175530,66
175553,67
175576,68
175599,57
175622,59
175645,75
175668,59
175691,64
175714,74
175737,68
175760,68
175783,67
175806,67
175829,68
175852,69
175875,69
175898,69
175921,69
175944,69
175967,69
175990,69
176013,69
176036,69
176059,69
176082,69
176105,-1
176128,-1
176151,-1
176174,-1
176197,-1
176220,67
176243,67
176266,67
176289,67
176312,67
176335,67
176358,68
176381,67
176404,67
176427,67
176450,67
176473,-1
176496,66
176519,68
176542,68
176565,67
176588,66
176611,-1
176634,-1
176657,-1
176680,51
176703,75
176726,75
176749,68
176772,69
176795,69
176818,69
176841,69
176864,70
176887,71
176910,71
176933,71
176956,71
176979,70
177002,70
177025,69
177048,69
177071,69
177094,69
177117,69
177140,-1
177163,-1
177186,-1
177209,68
177232,74
177255,70
177278,70
177301,69
177324,69
177347,69
177370,69
177393,69
177416,69
177439,69
177461,68
177484,67
177507,67
177530,67
177553,67
177576,67
177599,67
177622,67
177645,66
177668,63
177691,84
177714,67
177737,61
177760,67
177783,67
177806,67
177829,67
177852,67
177875,67
177898,67
177921,67
177944,67
177967,66
177990,65
178013,63
178036,82
178059,62
178082,62
178105,63
178128,63
178151,64
178174,64
178197,64
178220,63
178243,62
178266,62
178289,62
178312,62
178335,62
178358,-1
178381,-1
178404,-1
178427,-1
178450,73
178473,-1
178496,-1
178519,81
178542,-1
178565,-1
178588,-1
178611,-1
178634,-1
178657,-1
178680,-1
178703,-1
178726,-1
178749,-1
178772,-1
178795,-1
178818,-1
178841,-1
178864,-1
178887,-1
178910,76
178933,53
178956,60
178979,70
179002,65
179025,52
179048,84
179071,79
179094,73
179117,64
179140,65
179163,83
179186,79
179209,75
179232,67
179255,68
179278,67
179301,67
179324,68
179347,69
179370,69
179393,69
179416,69
179439,69
179462,69
179485,69
179508,69
179531,69
179554,69
179577,69
179600,68
179623,68
179646,-1
179669,-1
179692,66
179715,75
179738,67
179761,67
179784,66
179807,66
179830,67
179853,68
179876,67
179899,67
179922,67
179945,67
179968,67
179991,67
180014,67
180037,67
180060,67
180083,67
180106,-1
180129,-1
180152,-1
180175,-1
180198,-1
180221,-1
180244,-1
180267,-1
180290,-1
180313,-1
180336,-1
180359,-1
180382,-1
180405,-1
180428,-1
180451,-1
180474,-1
180497,62
180520,62
180543,62
180566,62
180589,62
180612,62
180635,62
180658,62
180681,62
180704,62
180727,62
180750,62
180773,62
180796,62
180819,62
180841,61
180864,-1
180887,-1
180910,-1
180933,-1
180956,-1
180979,64
181002,63
181025,62
181048,62
181071,61
181094,62
181117,62
181140,62
181163,62
181186,62
181209,62
181232,63
181255,65
181278,66
181301,67
181324,67
181347,68
181370,69
181393,69
181416,69
181439,69
181462,69
181485,69
181508,69
181531,69
181554,69
181577,69
181600,69
181623,69
181646,69
181669,68
181692,63
181715,62
181738,68
181761,67
181784,67
181807,67
181830,67
181853,67
181876,68
181899,67
181922,67
181945,66
181968,67
181991,67
182014,67
182037,67
182060,67
182083,67
182106,67
182129,-1
182152,-1
182175,-1
182198,-1
182221,-1
182244,-1
182267,-1
182290,-1
182313,-1
182336,-1
182359,-1
182382,-1
182405,-1
182428,-1
182451,-1
182474,-1
182497,-1
182520,-1
182543,-1
182566,-1
182589,-1
182612,-1
182635,-1
182658,-1
182681,-1
182704,-1
182727,-1
182750,-1
182773,-1
182796,-1
182819,-1
182842,-1
182865,-1
182888,-1
182911,72
182934,82
182957,74
182980,50
183003,80
183026,79
183049,67
183072,67
183095,67
183118,-1
183141,-1
183164,-1
183187,82
183210,82
183233,82
183256,79
183279,84
183302,82
183325,70
183348,70
183371,70
183394,71
183417,71
183440,78
183463,70
183486,70
183509,69
183532,69
183555,69
183578,69
183601,69
183624,69
183647,69
183670,69
183693,69
183716,69
183739,67
183762,67
183785,67
183808,67
183831,68
183854,69
183877,69
183900,69
183923,69
183946,69
183969,66
183992,65
184015,66
184038,67
184061,67
184084,67
184107,67
184130,67
184153,68
184176,67
184199,67
184221,67
184244,67
184267,67
184290,67
184313,-1
184336,-1
184359,-1
184382,-1
184405,-1
184428,-1
184451,-1
184474,-1
184497,-1
184520,-1
184543,-1
184566,-1
184589,-1
184612,-1
184635,-1
184658,-1
184681,-1
184704,-1
184727,-1
184750,-1
184773,-1
184796,-1
184819,-1
184842,-1
184865,-1
184888,-1
184911,-1
184934,-1
184957,-1
184980,-1
185003,-1
185026,-1
185049,-1
185072,-1
185095,-1
185118,-1
185141,-1
185164,-1
185187,-1
185210,-1
185233,-1
185256,-1
185279,-1
185302,-1
185325,-1
185348,-1
185371,-1
185394,-1
185417,-1
185440,-1
185463,-1
185486,-1
185509,-1
185532,-1
185555,-1
185578,-1
185601,-1
185624,-1
185647,-1
185670,-1
185693,-1
185716,-1
185739,-1
185762,-1
185785,-1
185808,-1
185831,-1
185854,-1
185877,-1
185900,-1
185923,-1
185946,-1
185969,-1
185992,-1
186015,-1
186038,-1
186061,-1
186084,-1
186107,-1
186130,-1
186153,-1
186176,-1
186199,-1
186222,-1
186245,-1
186268,-1
186291,-1
186314,-1
186337,-1
186360,-1
186383,-1
186406,-1
186429,-1
186452,-1
186475,-1
186498,-1
186521,-1
186544,-1
186567,-1
186590,-1
186613,-1
186636,-1
186659,-1
186682,-1
186705,-1
186728,-1
186751,-1
186774,-1
186797,-1
186820,-1
186843,-1
186866,-1
186889,-1
186912,-1
186935,-1
186958,-1
186981,-1
187004,-1
187027,-1
187050,-1
187073,-1
187096,-1
187119,-1
187142,-1
187165,-1
187188,-1
187211,-1
187234,-1
187257,-1
187280,-1
187303,-1
187326,-1
187349,-1
187372,-1
187395,-1
187418,-1
187441,-1
187464,-1
187487,-1
187510,-1
187533,-1
187556,-1
187579,-1
187601,-1
187624,-1
187647,-1
187670,-1
187693,-1
187716,-1
187739,-1
187762,-1
187785,-1
187808,-1
187831,-1
187854,-1
187877,-1
187900,-1
187923,-1
187946,-1
187969,-1
187992,-1
188015,-1
188038,-1
188061,-1
188084,-1
188107,-1
188130,-1
188153,-1
188176,-1
188199,-1
188222,-1
188245,-1
188268,-1
188291,-1
188314,-1
188337,-1
188360,-1
188383,-1
188406,-1
188429,-1
188452,-1
188475,-1
188498,-1
188521,-1
188544,-1
188567,-1
188590,-1
188613,-1
188636,-1
188659,-1
188682,-1
188705,-1
188728,-1
188751,-1
188774,-1
188797,-1
188820,-1
188843,-1
188866,-1
188889,-1
188912,-1
188935,-1
188958,-1
188981,-1
189004,-1
189027,-1
189050,-1
189073,-1
189096,-1
189119,-1
189142,-1
189165,-1
189188,-1
189211,-1
189234,-1
189257,-1
189280,-1
189303,-1
189326,-1
189349,-1
189372,-1
189395,-1
189418,-1
189441,-1
189464,-1
189487,-1
189510,-1
189533,-1
189556,-1
189579,-1
189602,-1
189625,-1
189648,-1
189671,-1
189694,-1
189717,-1
189740,-1
189763,-1
189786,-1
189809,-1
189832,-1
189855,-1
189878,-1
189901,-1
189924,-1
189947,-1
189970,-1
189993,-1
190016,-1
190039,-1
190062,-1
190085,-1
190108,-1
190131,-1
190154,-1
190177,-1
190200,-1
190223,-1
190246,-1
190269,-1
190292,-1
190315,-1
190338,-1
190361,-1
190384,-1
190407,-1
190430,-1
190453,-1
190476,-1
190499,-1
190522,-1
190545,-1
190568,-1
190591,-1
190614,-1
190637,-1
190660,-1
190683,-1
190706,-1
190729,-1
190752,-1
190775,-1
190798,-1
190821,-1
190844,-1
190867,-1
190890,-1
190913,-1
190936,-1
190959,-1
190981,-1
191004,-1
191027,-1
191050,-1
191073,-1
191096,-1
191119,-1
191142,-1
191165,-1
191188,-1
191211,-1
191234,-1
191257,-1
191280,-1
191303,-1
191326,-1
191349,-1
191372,-1
191395,-1
191418,-1
191441,-1
191464,-1
191487,-1
191510,-1
191533,-1
191556,-1
191579,-1
191602,-1
191625,-1
191648,-1
191671,-1
191694,-1
191717,-1
191740,-1
191763,-1
191786,-1
191809,-1
191832,-1
191855,-1
191878,-1
191901,-1
191924,-1
191947,-1
191970,-1
191993,-1
192016,-1
192039,-1
192062,-1
192085,-1
192108,-1
192131,-1
192154,-1
192177,-1
192200,-1
192223,-1
192246,-1
192269,-1
192292,-1
192315,-1
192338,-1
192361,-1
192384,-1
192407,-1
192430,-1
192453,-1
192476,-1
192499,-1
192522,-1
192545,-1
192568,-1
192591,-1
192614,-1
192637,-1
192660,-1
192683,-1
192706,-1
192729,-1
192752,-1
192775,-1
192798,-1
192821,-1
192844,-1
192867,-1
192890,-1
192913,-1
192936,-1
192959,-1
192982,-1
193005,-1
193028,-1
193051,-1
193074,-1
193097,-1
193120,-1
193143,-1
193166,-1
193189,-1
193212,-1
193235,-1
193258,-1
193281,-1
193304,-1
193327,-1
193350,-1
193373,-1
193396,-1
193419,-1
193442,-1
193465,-1
193488,-1
193511,-1
193534,-1
193557,-1
193580,-1
193603,-1
193626,-1
193649,-1
193672,-1
193695,-1
193718,-1
193741,-1
193764,-1
193787,-1
193810,-1
193833,-1
193856,-1
193879,-1
193902,-1
193925,-1
193948,-1
193971,-1
193994,-1
194017,-1
194040,-1
194063,-1
194086,-1
194109,-1
194132,-1
194155,-1
194178,-1
194201,-1
194224,-1
194247,-1
194270,-1
194293,-1
194316,-1
194339,-1
194361,-1
194384,-1
194407,-1
194430,-1
194453,-1
194476,-1
194499,-1
194522,-1
194545,-1
194568,-1
194591,-1
